id,tender_ref,description,procuring_entity,procurement_method,procurement_category,close_at,published_at,addendum_added,addenda_count,venue,tender_fee,validity_in_days,county_id,pe_city,pe_email,pe_telephone,financial_year,ocid,terminated,tender_document_urls,time_to_close
306696,STAR/NG-CDF/EP/002/2026-2027,"Proposed Construction to completion of 250 metres perimeter wall at, Installation of a steel gate at, construction of a guard house with a 1 door toilet at and Installation of Razor Wire (250m) on a perimeter wall to completion at Parkroad Primary School",NGCDF STAREHE CONSTITUENCY,Open Tender,Works,2026-10-09 00:00:00,2026-09-25,1,1,Starehe Constituency DCC Hall,1000,180,1,Nairobi,cdfstarehe@ngcdf.go.ke,+254 722 806041,2026/2027,ocds-5whusi-306696-STAR/NG-CDF/EP/002/2026-2027,0,https://tenders.go.ke/storage/Documents/1790364315651-advert.pdf; https://tenders.go.ke/storage/Documents/1790364315668-bid-document.pdf,8 hours
307503,NGCDF/WM /MOTAGARA/GIRLS/1/2026-2027,PROPOSED SUPPLY AND DELIVERY OF ONE (1) NEW 46-54 SEATER BUS FOR MOTAGARA GIRL`S SENIOR SCHOOL IN WEST MUGIRANGO CONSTITUENCY,WEST MUGIRANGO NATIONAL CONSTITUENCY DEVELOPMENT FUND,Open Tender,Goods,2026-10-09 10:00:00,2026-09-24,0,0,NG-CDF WEST MUGIRANGO`S OFFICE BOARDROOM,1000,60,25,NYAMIRA ,cdfwestmugirango@ngcdf.go.ke,0721431120,2026/2027,ocds-5whusi-307503-NGCDF/WM/MOTAGARA/GIRLS/1/2026-2027,0,https://tenders.go.ke/storage/Documents/1791274691386-advertisement.pdf; https://tenders.go.ke/storage/Documents/1791274691413-tender-form.pdf,18 hours
307502,NGCDF/WM /NAMI/SEC/1/2026-2027,PROPOSED SUPPLY AND DELIVERY OF ONE (1) NEW 46-54 SEATER BUS FOR NAMI S.D.A SECONDARY SCHOOL IN WEST MUGIRANGO CONSTITUENCY,WEST MUGIRANGO NATIONAL CONSTITUENCY DEVELOPMENT FUND,Open Tender,Goods,2026-10-09 10:00:00,2026-09-24,0,0,NG-CDF WEST MUGIRANGO`S OFFICE BOARDROOM,1000,60,25,NYAMIRA ,cdfwestmugirango@ngcdf.go.ke,0721431120,2026/2027,ocds-5whusi-307502-NGCDF/WM/NAMI/SEC/1/2026-2027,0,https://tenders.go.ke/storage/Documents/1791274354436-advertisement.pdf; https://tenders.go.ke/storage/Documents/1791274354475-tender-form.pdf,18 hours
307372,NG-CDF/MTG/SAGSS/01/2026/2027,PROPOSED CONSTRUCTION OF 400 CAPACITY DORMITORY  BLOCK AT ST AGNES MWIRA GIRLS SECONDARY SCHOOL IN  MATUNGU CONSTITUENCY,NG-CDF MATUNGU,Open Tender,Works,2026-10-09 10:00:00,2026-10-02,0,0,NG-CDF MATUNGU,0,180,16,MUMIAS,cdfmatungu@ngcdf.go.ke,0723052513,2026/2027,ocds-5whusi-307372-NG-CDF/MTG/SAGSS/01/2026/2027,0,https://tenders.go.ke/storage/Documents/1790975045897-tender-document.pdf,18 hours
307368,NGCDF/KML/SULJIPRI/RENOEXT/016/2026-2027,PROPOSED RENOVATIONS AND EXTERNAL WORKS AT SULWE J.I PRIMARY SCHOOL,NGCDF KIMILILI,Open Tender,Works,2026-10-09 10:00:00,2026-10-02,0,0,KIMILILI NGCDF BOARDROOM,1000,120,18,Kimilili,cdfkimilili@ngcdf.go.ke,+254 722 325799,2026/2027,ocds-5whusi-307368-NGCDF/KML/SULJIPRI/RENOEXT/016/2026-2027,0,https://tenders.go.ke/storage/Documents/1790974717784-tender-document.pdf; https://tenders.go.ke/storage/Documents/1790974717832-advert.pdf,18 hours
307343,NG-CDF/BTR/EBF/01/2026-2027,TENDER FOR PROPOSED CONSTRUCTION OF ONE STOREY  BUILDING EIGHT (8NO) CLASSROOMS AT EBULAFU PRIMARY  SCHOOL,BUTERE NGCDF,Open Tender,Works,2026-10-09 10:00:00,2026-10-02,0,0,NG-CDF BUTERE,0,180,16,BUTERE,cdfbutere@ngcdf.go.ke,0723052513,2026/2027,ocds-5whusi-307343-NG-CDF/BTR/EBF/01/2026-2027,0,https://tenders.go.ke/storage/Documents/1790971938063-tender-document.pdf,18 hours
307314,NG-CDF/MRKTE/ST.AUGUSTINE-BUS/2630205-104-07/2026-2027   NG-CDF/MRKTE/ST.MICHAEL-BUS/2630205-104-09/2026-2027,PURCHASE AND DELIVERY OF 51 SEATER SCHOOL BUS,MARAKWET EAST NGCDF,Open Tender,Goods,2026-10-09 10:00:00,2026-10-02,0,0,Chesoi NGCDF Office,0,150,30,Elgeyo-Marakwet,cdfmarakweteast@ngcdf.go.ke,+254 712 525771,2026/2027,ocds-5whusi-307314-NG-CDF/MRKTE/ST.AUGUSTINE-BUS/2630205-104-07/2026-2027NG-CDF/MRKTE/ST.MICHAEL-BUS/2630205-104-09/2026-2027,0,https://tenders.go.ke/storage/Documents/1790947860762-tender-advert.pdf; https://tenders.go.ke/storage/Documents/1790947860816-tender-document.pdf,18 hours
307268,NGCDF/IKOL/SAB/PS/01/2026 - 2027,"PROPOSED CONSTRUCTION OF 8 NO. CLASSROOM BLOCK (2 STOREY) AT SABANE PRIMARY SCHOOL IN IKOLOMANI CONSTITUENCY, KAKAMEGA COUNTY",NGCDF IKOLOMANI,Open Tender,Works,2026-10-09 10:00:00,2026-10-02,0,0,"SABANE PRIMARY SCHOOL IN IKOLOMANI CONSTITUENCY, KAKAMEGA COUNTY",0,180,16,Kakamega,cdfikolomani@ngcdf.go.ke,+254 716 830440,2026/2027,ocds-5whusi-307268-NGCDF/IKOL/SAB/PS/01/2026-2027,0,https://tenders.go.ke/storage/Documents/1790935641046-tender-notice.pdf; https://tenders.go.ke/storage/Documents/1790935641093-tender-document.pdf,18 hours
307135,_ LW/NG-CDF/RFQ-001/2026-2027_,SUPPLY AND INSTALLATION OF LAN AND CCTV SYSTEMS AT BAHARI WARD  DIGITAL HUB – MPEKETONI DCC OFFICE,NG- CDF LAMU WEST CONSTITUENCY,Open Tender,Works,2026-10-09 10:00:00,2026-10-01,0,0,"NG- CDF Office,  Mokowe, Next To County Assembly of Lamu, Adjacent To Ardhi House",0,364,9,Lamu,cdflamuwest@ngcdf.go.ke,0723458232,2026/2027,ocds-5whusi-307135-_LW/NG-CDF/RFQ-001/2026-2027_,0,https://tenders.go.ke/storage/Documents/1790851207904-tender-document.pdf; https://tenders.go.ke/storage/Documents/1790851207934-blank-bq.pdf; https://tenders.go.ke/storage/Documents/1790860121216-advert.pdf,18 hours
307132,LW/NG-CDF/005/2026-2027,"CONSTRUCTION TO COMPLETION OF HINDI WARD DIGITAL  HUB, AND INSTALLATION OF LAN AND CCTV SYSTEM AT  COUNTY COMMISSIONER’S OFFICE-MOKOWE.",NG- CDF LAMU WEST CONSTITUENCY,Open Tender,Works,2026-10-09 10:00:00,2026-10-01,0,0,"NG- CDF Office, Mokowe, Next To   County Assembly of Lamu, Adjacent to Ardhi House.",280000,364,9,Lamu,cdflamuwest@ngcdf.go.ke,0723458232,2026/2027,ocds-5whusi-307132-LW/NG-CDF/005/2026-2027,0,https://tenders.go.ke/storage/Documents/1790850121116-tender-document.pdf; https://tenders.go.ke/storage/Documents/1790850121147-blank-bq.pdf; https://tenders.go.ke/storage/Documents/1790850121173-drawings.pdf; https://tenders.go.ke/storage/Documents/1790860069307-advert.pdf,18 hours
307130,LW/NG-CDF/004/2026-2027,CONSTRUCTION TO COMPLETION OF A 6 CLASSROOM BLOCK  AT MPEKETONI GIRLS SECONDARY SCHOOL,NG- CDF LAMU WEST CONSTITUENCY,Open Tender,Works,2026-10-09 10:00:00,2026-10-01,0,0,"NG- CDF Office, Mokowe, Next To   County Assembly of Lamu, Adjacent to Ardhi House.",470000,364,9,Lamu,cdflamuwest@ngcdf.go.ke,0723458232,2026/2027,ocds-5whusi-307130-LW/NG-CDF/004/2026-2027,0,https://tenders.go.ke/storage/Documents/1790849817321-tender-document.pdf; https://tenders.go.ke/storage/Documents/1790849817338-blank-bq.pdf; https://tenders.go.ke/storage/Documents/1790849817360-drawings.pdf; https://tenders.go.ke/storage/Documents/1790860030990-advert.pdf,18 hours
307127,LW/NG-CDF/003/2026-2027,RENOVATION TO COMPLETION OF 16 CLASSROOMS AND A  MULTIPURPOSE HALL AT MOKOWE ARID ZONE  COMPREHENSIVE SCHOOL,NG- CDF LAMU WEST CONSTITUENCY,Open Tender,Works,2026-10-09 10:00:00,2026-10-01,0,0,"NG- CDF Office, Mokowe, Next To   County Assembly of Lamu, Adjacent to Ardhi House.",178000,364,9,Lamu,cdflamuwest@ngcdf.go.ke,0723458232,2026/2027,ocds-5whusi-307127-LW/NG-CDF/003/2026-2027,0,https://tenders.go.ke/storage/Documents/1790849568552-tender-document.pdf; https://tenders.go.ke/storage/Documents/1790849568605-blank-bq.pdf; https://tenders.go.ke/storage/Documents/1790860004258-advert.pdf,18 hours
307126,LW/NG-CDF/002/2026-2027,"CONSTRUCTION OF POLICE ADMINISTRATION BLOCK, 2 POLICE  RESIDENTIAL HOUSES, 480M PERIMETER SECURITY FENCE, TRENCH  & GATE, 200M INTERNAL ROAD WORKS AND A 2 DOOR TOILET, AND  INSTALLATION AND COMMISSIONING OF 25KV SOLAR POWER  SYSTEM AT SALAMA POLICE STATION",NG- CDF LAMU WEST CONSTITUENCY,Open Tender,Works,2026-10-09 10:00:00,2026-10-01,0,0,"NG- CDF Office, Mokowe, Next To   County Assembly of Lamu, Adjacent to Ardhi House.",246160,364,9,Lamu,cdflamuwest@ngcdf.go.ke,0723458232,2026/2027,ocds-5whusi-307126-LW/NG-CDF/002/2026-2027,0,https://tenders.go.ke/storage/Documents/1790849295208-tender-document.pdf; https://tenders.go.ke/storage/Documents/1790849295240-blank-bq.pdf; https://tenders.go.ke/storage/Documents/1790849295258-drawings.pdf; https://tenders.go.ke/storage/Documents/1790859976200-advert.pdf,18 hours
307124,LW/NG-CDF/001/2026-2027,"RENOVATION OF POLICE ADMINISTRATION BLOCK, CONSTRUCTION  OF 480M PERIMETER CHAIN-LINK FENCE, SECURITY TRENCH &  GATE, 2 POLICE RESIDENTIAL HOUSES, 2 DOOR TOILET, AND  INSTALLATION AND COMMISSIONING OF 25KV SOLAR POWER  SYSTEM AT MALELI POLICE STATION.",NG- CDF LAMU WEST CONSTITUENCY,Open Tender,Works,2026-10-09 10:00:00,2026-10-01,0,0,"NG- CDF Office, Mokowe, Next To   County Assembly of Lamu, Adjacent to Ardhi House.",228160,364,9,Lamu,cdflamuwest@ngcdf.go.ke,0723458232,2026/2027,ocds-5whusi-307124-LW/NG-CDF/001/2026-2027,0,https://tenders.go.ke/storage/Documents/1790848752142-tender-document.pdf; https://tenders.go.ke/storage/Documents/1790848752176-blank-bq.pdf; https://tenders.go.ke/storage/Documents/1790848752196-drawings.pdf; https://tenders.go.ke/storage/Documents/1790859879654-advert.pdf,18 hours
307060,CGN/MOH/ONT/014/2026 2027,Framework Agreement for Supply and Delivery of Assorted furniture (call-off).,Nakuru County Government,Framework Agreements,Goods,2026-10-09 10:00:00,2026-09-30,0,0,COUNTY HQ CHAMBERS 1ST FLOOR,0,210,35,,supplychainnakuru@gmail.com,0512214142,2026/2027,ocds-5whusi-307060-CGN/MOH/ONT/014/20262027,0,https://tenders.go.ke/storage/Documents/1790797126088-framework-agreement-for-supply-and-delivery-of-assorted-furniture-call-off.pdf; https://tenders.go.ke/storage/Documents/1790797126129-framework-agreement-for-supply-and-delivery-of-assorted-furniture-call-off.pdf,18 hours
307059,CGN/MOH/ONT/013/2026-2027,Framework Agreement for supply and delivery of medical equipment (call-off),Nakuru County Government,Framework Agreements,Goods,2026-10-09 10:00:00,2026-09-30,0,0,COUNTY HQ CHAMBERS 1ST FLOOR,0,210,35,,supplychainnakuru@gmail.com,0512214142,2026/2027,ocds-5whusi-307059-CGN/MOH/ONT/013/2026-2027,0,https://tenders.go.ke/storage/Documents/1790797204361-framework-agreement-for-supply-and-delivery-of-medical-equipment-call-off.pdf; https://tenders.go.ke/storage/Documents/1790797204384-framework-agreement-for-supply-and-delivery-of-medical-equipment-call-off.pdf,18 hours
307032,KEMRI/HQ/009/2026-2027,TENDER FOR THE PROVISION OF CLINICAL TRIAL INSURANCE COVER,KENYA MEDICAL RESEARCH INSTITUTE,Open Tender,Non Consultancy Services,2026-10-09 10:00:00,2026-09-29,0,0,KEMRI HEADQUARTERS,0,150,1,Nairobi,director@kemri.go.ke,0722205901,2026/2027,ocds-5whusi-307032-KEMRI/HQ/009/2026-2027,0,https://tenders.go.ke/storage/Documents/1790769967504-tender-for-the-provision-of-clinical-trial-insurance-cover.pdf; https://tenders.go.ke/storage/Documents/1790769967543-tender-notice-for-the-provision-of-clinical-trial-insurance-cover.pdf,18 hours
307005,KEMRI/HQ/010/2026-2027,"Tender for the Supply, delivery, Installation, configuration, integration, Testing, Commissioning and maintenance of an Enterprise Biometric Time & Attendance System",KENYA MEDICAL RESEARCH INSTITUTE,Open Tender,Works,2026-10-09 10:00:00,2026-09-29,0,0,KEMRI HEAQUARTERS,0,180,1,Nairobi,director@kemri.go.ke,0722205901,2026/2027,ocds-5whusi-307005-KEMRI/HQ/010/2026-2027,0,https://tenders.go.ke/storage/Documents/1790759012862-tender-for-the-supply-delivery-installation-configuration-integration-testing-commissi.pdf; https://tenders.go.ke/storage/Documents/1790759012892-tender-notice-for-the-supply-delivery-installation-configuration-integration-testing-c.pdf,18 hours
306998,KEMRI/HQ/006/2026-2027,TENDER FOR LEASE TO OPERATE AND MANAGE CANTEEN AT KEMRI HQS,KENYA MEDICAL RESEARCH INSTITUTE,Open Tender,Non Consultancy Services,2026-10-09 10:00:00,2026-09-29,0,0,KEMRI HEADQUARTERS,0,210,1,Nairobi,director@kemri.go.ke,0722205901,2026/2027,ocds-5whusi-306998-KEMRI/HQ/006/2026-2027,0,https://tenders.go.ke/storage/Documents/1790756015339-tender-for-lease-to-operate-and-manage-canteen-at-kemri-hqs.pdf; https://tenders.go.ke/storage/Documents/1790756015361-tender-notice-for-lease-to-operate-and-manage-canteen-at-kemri-hqs.pdf,18 hours
306991,KEMRI/HQ/004/2026-2027,TENDER FOR PROCUREMENT OF LOCAL MANUFACTURING SERVICES FOR LIQUID SOAP – ANTIBACTERIAL AND GENERAL-PURPOSE LIQUID DETERGENTS,KENYA MEDICAL RESEARCH INSTITUTE,Open Tender,Non Consultancy Services,2026-10-09 10:00:00,2026-09-29,0,0,KEMRI HEADQUARTERS,0,210,1,Nairobi,director@kemri.go.ke,0722205901,2026/2027,ocds-5whusi-306991-KEMRI/HQ/004/2026-2027,0,https://tenders.go.ke/storage/Documents/1790752140295-tender-for-procurement-of-local-manufacturing-services-for-liquid-soap-antibacterial-a.pdf,18 hours
306990,KEMRI/HQ/003/2026-2027,Tender for procurement of local manufacturing services for stabilized Sodium Hypochlorite Solution,KENYA MEDICAL RESEARCH INSTITUTE,Open Tender,Non Consultancy Services,2026-10-09 10:00:00,2026-09-29,0,0,KEMRI HEADQUARTERS,0,210,1,Nairobi,director@kemri.go.ke,0722205901,2026/2027,ocds-5whusi-306990-KEMRI/HQ/003/2026-2027,0,https://tenders.go.ke/storage/Documents/1790751463512-tender-for-procurement-of-local-manufacturing-services-for-stabilized-sodium-hypochlor.pdf,18 hours
306764,2406940-2026/2027,PROVISION OF MOTOR VEHICLE INSURANCE COVER,Makueni County Government,Open Tender,Non Consultancy Services,2026-10-09 10:00:00,2026-09-28,0,0,Online,0,120,4,,mail@makueni.go.ke,020-2034944,2026/2027,ocds-5whusi-306764-2406940-2026/2027,0,https://tenders.go.ke/storage/Documents/1790537418748-provision-of-motor-vehicle-insurance-cover.pdf,18 hours
306701,STAR/NG-CDF/SECU/002/2026-2027,"Proposed Purchase, Supply and Delivery of Office Furniture for Central Police Station, Ngara Police Station and Hazina (South B) Police Station",NGCDF STAREHE CONSTITUENCY,Open Tender,Goods,2026-10-09 10:00:00,2026-09-25,0,0,Starehe Constituency DCC Hall,1000,180,1,Nairobi,cdfstarehe@ngcdf.go.ke,+254 722 806041,2026/2027,ocds-5whusi-306701-STAR/NG-CDF/SECU/002/2026-2027,0,https://tenders.go.ke/storage/Documents/1790364767807-advert.pdf; https://tenders.go.ke/storage/Documents/1790365081383-tender-document.pdf,18 hours
306698,STAR/NG-CDF/EP/012/2025-2026,"Proposed Renovation to completion of 5 Classrooms block, 8 doors boys ablution Block, urinal trough with 2-chambers for PWDs, 11-doors girls ablution block with 2 chambers for PWDs and LOWER PRIMARY BLOCK SECTION 3-doors boys ablution block, urinal trough with 1 chamber for PWDs, 4 doors girls ablution block with 1 chamber for PWDs (roofing, window glazing, ceiling works, internal wall painting and electrical works) at Nairobi South Primary School",NGCDF STAREHE CONSTITUENCY,Open Tender,Works,2026-10-09 10:00:00,2026-09-25,0,0,Starehe Constituency DCC Hall,1000,180,1,Nairobi,cdfstarehe@ngcdf.go.ke,+254 722 806041,2025/2026,ocds-5whusi-306698-STAR/NG-CDF/EP/012/2025-2026,0,https://tenders.go.ke/storage/Documents/1790364634314-advert.pdf; https://tenders.go.ke/storage/Documents/1790364634346-tender-document.pdf,18 hours
306697,STAR/NG-CDF/EP/003/2026-2027,"Proposed Construction to completion of cabro driveways and parking with an area of 700Sq meters excavation, backfilling, compacting, drainage works and cabro works at Islamia Primary School",NGCDF STAREHE CONSTITUENCY,Open Tender,Works,2026-10-09 10:00:00,2026-09-25,0,0,Starehe Constituency DCC Hall,1000,180,1,Nairobi,cdfstarehe@ngcdf.go.ke,+254 722 806041,2026/2027,ocds-5whusi-306697-STAR/NG-CDF/EP/003/2026-2027,0,https://tenders.go.ke/storage/Documents/1790364457917-bid-document.pdf; https://tenders.go.ke/storage/Documents/1790364457939-advert.pdf,18 hours
306695,STAR/NG-CDF/ES/001/2026-2027,"Proposed Construction to completion of cabro driveways and parking with an area of 1,750Sq meters excavation, backfilling, compacting, drainage works and cabro works, Installation of a steel gate and construction of a guard house with a 1-door toilet at Nairobi South Day Secondary School",NGCDF STAREHE CONSTITUENCY,Open Tender,Works,2026-10-09 10:00:00,2026-09-25,0,0,Starehe Constituency Dcc Hall,1000,180,1,Nairobi,cdfstarehe@ngcdf.go.ke,+254 722 806041,2026/2027,ocds-5whusi-306695-STAR/NG-CDF/ES/001/2026-2027,0,https://tenders.go.ke/storage/Documents/1790364128068-tender-document.pdf; https://tenders.go.ke/storage/Documents/1790364128097-advert.pdf,18 hours
306694,STAR/NG-CDF/SECU/001/2026-2027,"Proposed Renovation to completion of a 3-roomed block child protection unit (replacement of windows, hacking of floor, floor tiling, walls plastering, walls painting, installation of metallic doors, roof repairs, guttering, veranda and ceilings at Central Police Station",NGCDF STAREHE CONSTITUENCY,Open Tender,Works,2026-10-09 10:00:00,2026-09-25,0,0,Starehe Constituency DCC Hall,1000,180,1,Nairobi,cdfstarehe@ngcdf.go.ke,+254 722 806041,2026/2027,ocds-5whusi-306694-STAR/NG-CDF/SECU/001/2026-2027,0,https://tenders.go.ke/storage/Documents/1790363926623-notice.pdf; https://tenders.go.ke/storage/Documents/1790363926704-tender-document.pdf,18 hours
306615,KNH/T/75/2026 - 2027,PROCUREMENT OF A DUPLEX MEDICAL AIR PLANT,Kenyatta National Hospital,Open Tender,Goods,2026-10-09 10:00:00,2026-09-25,0,0,SUPPLY CHAIN MANAGEMENT DEPARTMENT - ENTRANCE,0,119,1,,simon.wagura@gmail.com,+254710159546,2026/2027,ocds-5whusi-306615-KNH/T/75/2026-2027,0,https://tenders.go.ke/storage/Documents/1790323436383-procurement-of-a-duplex-medical-air-plant.pdf,18 hours
306570,NDH-NGCDF/MAGINA/DH.01/2026-2027,PROPOSED CONSTRUCTION TO COMPLETION OF NORTH KABUOCH WARD DIGITAL HUB (BASIC MODEL),NDHIWA NG-CDF,Open Tender,Works,2026-10-09 10:00:00,2026-09-25,0,0,NG-CDF 0FFICES LOCATED AT NDHIWA DCC'S OFFICES,1000,120,22,NDHIWA,jmajengo@ngcdf.go.ke,0710444849,2026/2027,ocds-5whusi-306570-NDH-NGCDF/MAGINA/DH.01/2026-2027,0,https://tenders.go.ke/storage/Documents/1790291338740-tender-notice.pdf; https://tenders.go.ke/storage/Documents/1790291338757-tender-document.pdf; https://tenders.go.ke/storage/Documents/1790291338766-architectural-plan.pdf; https://tenders.go.ke/storage/Documents/1790291338778-sub-structural-plan.pdf; https://tenders.go.ke/storage/Documents/1790291338783-plumbing-works.pdf; https://tenders.go.ke/storage/Documents/1790291338789-electrical-works.pdf; https://tenders.go.ke/storage/Documents/1790291338795-drainage-works.pdf,18 hours
306505,CGM/FA/01/2026/2027-2028,"PROVISION OF TOWN CLEANING AND AUXILIARY SERVICES ,FUMIGATION AND PEST CONTROL",Migori County Government,Framework Agreements,Non Consultancy Services,2026-10-09 10:00:00,2026-09-21,0,0,PROCUREMENT BUILDING,0,180,23,,,0,2026/2027,ocds-5whusi-306505-CGM/FA/01/2026/2027-2028,0,https://tenders.go.ke/storage/Documents/1790235711876-tender-notice.pdf; https://tenders.go.ke/storage/Documents/1790235711920-tender-document.pdf,18 hours
306479,NDH-NGCDF/WMSS/DORM/2026/2027,PROPOSED CONSTRUCTION OF 1ST FLOOR (PHASE 2) OF 200 CAPACITY STOREY DORMITORY AT WACHARA MIXED SECONDARY SCHOOL IN KWABWAI WARD,NDHIWA NG-CDF,Open Tender,Works,2026-10-09 10:00:00,2026-09-25,0,0,NG-NGCDF OFFICES LOCATED AT NDHIWA DCC'S OFFICES,1000,120,22,NDHIWA,jmajengo@ngcdf.go.ke,0710444849,2026/2027,ocds-5whusi-306479-NDH-NGCDF/WMSS/DORM/2026/2027,0,https://tenders.go.ke/storage/Documents/1790289657931-tender-notice.pdf; https://tenders.go.ke/storage/Documents/1790289658017-tender-document.pdf; https://tenders.go.ke/storage/Documents/1790289658026-section.pdf; https://tenders.go.ke/storage/Documents/1790289658043-ground-floor-plan.pdf; https://tenders.go.ke/storage/Documents/1790289658049-first-floor-plan.pdf; https://tenders.go.ke/storage/Documents/1790289658056-elevations-plan.pdf; https://tenders.go.ke/storage/Documents/1790311327502-wachara-bq.pdf,18 hours
306478,NDH-NGCDF/RSS/RC.01/2025-2026,PROPOSED CONSTRUCTION TO COMPLETION OF 120 PERSONS CAPACITY RESOURCE CENTRE (TWO STOREY BUILDING) AT RATANGA SECONDARY SCHOOL IN KWABWAI WARD,NDHIWA NG-CDF,Open Tender,Works,2026-10-09 10:00:00,2026-09-25,0,0,NG-CDF OFFICES LOCATED AT NDHIWA DCC'S OFFICES,1000,120,22,NDHIWA,jmajengo@ngcdf.go.ke,0710444849,2025/2026,ocds-5whusi-306478-NDH-NGCDF/RSS/RC.01/2025-2026,0,https://tenders.go.ke/storage/Documents/1790290024372-tender-notice.pdf; https://tenders.go.ke/storage/Documents/1790290024394-tender-document.pdf; https://tenders.go.ke/storage/Documents/1790290024405-bill-of-quantity.pdf; https://tenders.go.ke/storage/Documents/1790290024411-ground-floor-plan.pdf; https://tenders.go.ke/storage/Documents/1790290024416-elevation-plan.pdf; https://tenders.go.ke/storage/Documents/1790290024421-roof-layout.pdf,18 hours
306477,NDH-NGCDF/OMSS/BUS/2026-2027,PROPOSED SUPPLY AND DELIVERY OF 51 SEATER SEMI LUXURY SCHOOL BUS AT OSURE MIXED SECONDARY SCHOOL IN KOSEWE WARD,NDHIWA NG-CDF,Open Tender,Goods,2026-10-09 10:00:00,2026-09-25,0,0,NG-CDF OFFICES LOCATED AT NDHIWA DCC'S OFFICES,1000,120,22,NDHIWA,jmajengo@ngcdf.go.ke,0710444849,2026/2027,ocds-5whusi-306477-NDH-NGCDF/OMSS/BUS/2026-2027,0,https://tenders.go.ke/storage/Documents/1790290218674-tender-notice.pdf; https://tenders.go.ke/storage/Documents/1790290218690-tender-document.pdf,18 hours
306476,NDH-NGCDF/MMSS/BUS/2026-2027,PROPOSED SUPPLY AND DELIVERY OF 51 SEATER SEMI LUXURY SCHOOL BUS AT MBANI MIXED SECONDARY SCHOOL IN KWABWAI WARD,NDHIWA NG-CDF,Open Tender,Goods,2026-10-09 10:00:00,2026-09-25,0,0,NG-CDF OFFICES LOCATED AT NDHIWA DCC'S OFFICES,1000,120,22,NDHIWA,jmajengo@ngcdf.go.ke,0710444849,2026/2027,ocds-5whusi-306476-NDH-NGCDF/MMSS/BUS/2026-2027,0,https://tenders.go.ke/storage/Documents/1790290303709-tender-notice.pdf; https://tenders.go.ke/storage/Documents/1790290303725-tender-document.pdf,18 hours
306475,NDH-NGCDF/JONMSS/BUS/2026-2027,PROPOSED SUPPLY AND DELIVERY OF 51 SEATER SEMI LUXURY SCHOOL BUS AT JOSHUA OJODE NDERE MIXED SECONDARY SCHOOL,NDHIWA NG-CDF,Open Tender,Goods,2026-10-09 10:00:00,2026-09-25,0,0,NG-CDF OFFICES LOCATED AT NDHIWA DCC'S OFFICES,1000,120,22,NDHIWA,jmajengo@ngcdf.go.ke,0710444849,2026/2027,ocds-5whusi-306475-NDH-NGCDF/JONMSS/BUS/2026-2027,0,https://tenders.go.ke/storage/Documents/1790290424037-tender-notice.pdf; https://tenders.go.ke/storage/Documents/1790290424052-tender-document.pdf,18 hours
306348,NG-CDF BOARD/02/2026-2027,"REGISTRATION OF SUPPLIERS FOR GOODS, SERVICES AND WORKS FOR THE FINANCIAL YEARS 2026-2027 & 2027-2028",NG-CDF BOARD,Prequalification,Non Consultancy Services,2026-10-09 10:00:00,2026-09-23,0,0,"Harambee plaza, Uhuru Highway/Haile Selassie Avenue junction at 10th floor,",0,120,1,Nairobi,smohamed@ngcdf.go.ke,0728 507373,2026/2027,ocds-5whusi-306348-NG-CDFBOARD/02/2026-2027,0,https://tenders.go.ke/storage/Documents/1790144761355-advert-for-registration-of-suppliers.pdf; https://tenders.go.ke/storage/Documents/1790144761399-registration-of-suppliers.pdf,18 hours
307020,KICC/17/2026-2028,PROVISION OF MONTHLY MAINTENANCE AND REPAIR SERVICES FOR LIFTS FOR THE PERIOD OF TWO (2) YEARS.,The Kenyatta International Convention Centre,Open Tender,Works,2026-10-09 10:30:00,2026-09-30,0,0,Taifa Hall,0,120,1,,judith.nyaberi@kicc.co.ke,0726532612,2026/2027,ocds-5whusi-307020-KICC/17/2026-2028,0,https://tenders.go.ke/storage/Documents/1790766951895-provision-of-monthly-maintenance-and-repair-services-for-lifts-for-the-period-of-two-2.pdf,19 hours
307294,NETFUND/RFP/001/2026-2027,"CONSULTANCY SERVICES FOR THE DEVELOPMENT OF ENVIRONMENTAL, SOCIAL, AND GENDER SAFEGUARDS GUIDELINES, PUBLIC DISCLOSURE POLICY, AND CAPACITY BUILDING FOR THE NATIONAL ENVIRONMENT TRUST FUND",Netfund,Request for Proposals,Consultancy Services,2026-10-09 11:00:00,2026-10-02,0,0,NETFUND RECEPTION,0,120,1,,info@netfund.go.ke,0202369563,2026/2027,ocds-5whusi-307294-NETFUND/RFP/001/2026-2027,0,https://tenders.go.ke/storage/Documents/1790939849336-request-for-proposal.pdf,19 hours
307204,TUMEL/002/2026-2027,"SUPPLY, DELIVERY, INSTALLATION, TESTING AND COMMISSIONING OF SOLAR POWER SYSTEM AT TECHNICAL UNIVERSITY OF MOMBASA ENTERPRISES LIMITED",TECHNICAL UNIVERSITY OF MOMBASA ENTERPRISES LIMITED,Open Tender,Works,2026-10-09 11:00:00,2026-09-25,0,0,TUM HOTEL & CONFERENCING,0,90,13,MOMBASA,info@tumel.co.ke,0716772140,2026/2027,ocds-5whusi-307204-TUMEL/002/2026-2027,0,https://tenders.go.ke/storage/Documents/1790920248690-supply-delivery-installation-testing-and-commissioning-of-solar-power-system-at-techni.pdf,19 hours
307183,NGCDF-NBL/KHAYO SEC/02/2025/2026,PROPOSED CONSTRUCTION TO COMPLETION OF ADMNISTRATION OFFICE BLOCK AT KHAYO SENIOR SCHOOL IN NAMBALE CONSTITUENCY.,NG-CDF NAMBALE,Open Tender,Works,2026-10-09 11:00:00,2026-10-01,0,0,NAMBALE NGCDF BOARDROOM,0,120,19,Nambale,cdfnambale@ngcdf.go.ke,0720028664,2025/2026,ocds-5whusi-307183-NGCDF-NBL/KHAYOSEC/02/2025/2026,0,https://tenders.go.ke/storage/Documents/1790879608588-tender-document.pdf,19 hours
307182,CGS/SCM/BND.MCBD/KUSP-UDG/RFP/2026-2027/001,"CONSULTANCY SERVICES FOR FEASIBILITY STUDY, ENVIRONMENTAL AND SOCIAL IMPACT ASSESSMENT, TOPOGRAPHICAL SURVEY, PRELIMINARY AND DETAILED ENGINEERING DESIGN    FOR  PROPOSED DEVELOPMENT OF NON-MOTORISED TRANSPORT (NMT) FACILITIES, GREENING OF STREETS AND SOLID WASTE COLLECTION IN BONDO TOWN, BONDO MUNICIPALITY",Siaya County Government,Request for Proposals,Consultancy Services,2026-10-09 11:00:00,2026-10-01,0,0,"Bondo Municipality Building, Bondo Sub-County Offices Compound Opposite Bondo Law Court",0,98,20,,cs@siaya.go.ke,0,2026/2027,ocds-5whusi-307182-CGS/SCM/BND.MCBD/KUSP-UDG/RFP/2026-2027/001,0,https://tenders.go.ke/storage/Documents/1790878762253-tender-notice.pdf; https://tenders.go.ke/storage/Documents/1790878762294-rfp-document.pdf,19 hours
307163,2408736-2026-2027,SUPPLY AND DELIVERY OF LAW BOOKS,Bungoma County Government,Open Tender,Goods,2026-10-09 11:00:00,2026-10-02,0,0,Boardroom,0,120,18,,info@bungoma.go.ke,055-2030144,2026/2027,ocds-5whusi-307163-2408736-2026-2027,0,https://tenders.go.ke/storage/Documents/1790913455862-tender-notice.pdf; https://tenders.go.ke/storage/Documents/1790913455944-tender-document.pdf,19 hours
307159,2408747-2026-2027,PROVISION FOR CONSULTANCY SERVICE FOR PREPARATION OF BUNGOMA COUNTY TRANSPORT REGULATIONS,Bungoma County Government,Request for Proposals,Consultancy Services,2026-10-09 11:00:00,2026-10-02,0,0,Boardroom,0,120,18,,info@bungoma.go.ke,055-2030144,2026/2027,ocds-5whusi-307159-2408747-2026-2027,0,https://tenders.go.ke/storage/Documents/1790913523130-tender-document.pdf,19 hours
307116,NGCDF-NBL/MTVC/1/2025-2026,Proposed supply and delivery of one (1) new 51- seater bus for Mungatsi Technical and Vocational College in Nambale Constituency.,NG-CDF NAMBALE,Restricted Tendering,Goods,2026-10-09 11:00:00,2026-10-01,0,0,Nambale NGCDF Boardroom,0,120,19,Nambale,cdfnambale@ngcdf.go.ke,0720028664,2025/2026,ocds-5whusi-307116-NGCDF-NBL/MTVC/1/2025-2026,0,https://tenders.go.ke/storage/Documents/1790847229609-tender-document.pdf,19 hours
307115,ECG/ONT/FA/PW/01/2026-2027,"FRAMEWORK AGREEMENT FOR SUPPLY AND DELIVERY OF BUILDING MATERIALS AND HOUSEHOLD ITEMS, HIRE OF MACHINERY AND PROVISION OF LABOR FOR A PERIOD OF ONE (1) YEAR.",Embu County Government,Framework Agreements,Goods,2026-10-09 11:00:00,2026-10-01,0,0,PROCUREMENT BOARDROOM,0,120,43,,"info@embu.go.ke, procurement@embu.go.ke",+254 771 204 003 +254 703 192 924 +254 68 30686 +254 68 30656,2026/2027,ocds-5whusi-307115-ECG/ONT/FA/PW/01/2026-2027,0,https://tenders.go.ke/storage/Documents/1790846901454-tender-notice-for-framework-agreement-for-supply-and-delivery-of-building-materials-an.pdf; https://tenders.go.ke/storage/Documents/1790846901486-tender-document-for-framework-agreement-for-supply-and-delivery-of-building-materials-.pdf,19 hours
307102,NGCDF-NBL/KATIRA SEC/01/2025/2026,PROPOSED CONSTRUCTION TO COMPLETION OF ONE STOREY TUTION CUM ADMINISTRATION BLOCK,NG-CDF NAMBALE,Open Tender,Works,2026-10-09 11:00:00,2026-10-01,1,1,NAMBALE NGCDF BOARDROOM,0,120,19,Nambale,cdfnambale@ngcdf.go.ke,0720028664,2025/2026,ocds-5whusi-307102-NGCDF-NBL/KATIRASEC/01/2025/2026,0,https://tenders.go.ke/storage/Documents/1790842340755-tender-document.pdf,19 hours
307097,NDCG/R-TND/HS/03/2026-2027,Proposed Construction of Modern Laundry at Kapsabet County Referral Hospital,Nandi County Government,Open Tender,Works,2026-10-09 11:00:00,2026-10-08,0,0,DEPARTMENT OF HEALTH,0,120,31,,isidore.koech@nandi.go.ke,0535252355,2026/2027,ocds-5whusi-307097-NDCG/R-TND/HS/03/2026-2027,0,https://tenders.go.ke/storage/Documents/1790840122999-proposed-construction-of-modern-laundry-at-kapsabet-county-referral-hospital.pdf; https://tenders.go.ke/storage/Documents/1790840123048-advert.pdf,19 hours
307096,NDCG/R-TND/HS/02/2026-2027,Proposed construction of operating Theatre  at Kaptumo Sub- County Hospital,Nandi County Government,Open Tender,Works,2026-10-09 11:00:00,2026-10-01,0,0,DEPARTMENT OF HEALTH,0,120,31,,isidore.koech@nandi.go.ke,0535252355,2026/2027,ocds-5whusi-307096-NDCG/R-TND/HS/02/2026-2027,0,https://tenders.go.ke/storage/Documents/1790839934235-proposed-construction-of-operating-theatre-at-kaptumo-sub-county-hospital.pdf; https://tenders.go.ke/storage/Documents/1790840156821-advert.pdf,19 hours
307095,NDCG/R-TND/HS/01/2026-2027,Proposed Equipping of Kapsabet County Referral Funeral Home.,Nandi County Government,Open Tender,Goods,2026-10-09 11:00:00,2026-10-01,0,0,DEPARTMENT OF HEALTH,0,120,31,,isidore.koech@nandi.go.ke,0535252355,2026/2027,ocds-5whusi-307095-NDCG/R-TND/HS/01/2026-2027,0,https://tenders.go.ke/storage/Documents/1790839844248-proposed-equipping-of-kapsabet-county-referral-funeral-home.pdf; https://tenders.go.ke/storage/Documents/1790840210780-advert.pdf,19 hours
306420,GTVC/OT/CTWB/002/2026-2027,OPEN TENDER FOR THE PROPOSED CONSTRUCTION OF TUITION & WORKSHOP BLOCK AT GITHUNGURI TECHNICAL AND VOCATIONAL COLLEGE,Githunguri Technical & Vocational College,Open Tender,Works,2026-10-09 11:00:00,2026-09-23,0,0,Githunguri TVC- Staffroom,0,150,1,Ruiru,githunguritvc@gmail.com,+254 794 119384,2026/2027,ocds-5whusi-306420-GTVC/OT/CTWB/002/2026-2027,0,https://tenders.go.ke/storage/Documents/1790166107265-open-tender-for-the-proposed-construction-of-tuition-workshop-block-at-githunguri-tech.pdf,19 hours
307259,NGCDF/IKOL/BSLW/PS/01/2026 - 2027,"PROPOSED CONSTRUCTION OF 8 NO. CLASSROOM BLOCK (2 STOREY) AT BUSILWA PRIMARY SCHOOL IN IKOLOMANI CONSTITUENCY, KAKAMEGA COUNTY",NGCDF IKOLOMANI,Open Tender,Works,2026-10-09 12:00:00,2026-10-02,0,0,"BUSILWA PRIMARY SCHOOL IN IKOLOMANI CONSTITUENCY, KAKAMEGA COUNTY",0,180,16,Kakamega,cdfikolomani@ngcdf.go.ke,+254 716 830440,2026/2027,ocds-5whusi-307259-NGCDF/IKOL/BSLW/PS/01/2026-2027,0,https://tenders.go.ke/storage/Documents/1790933555925-tender-notice.pdf; https://tenders.go.ke/storage/Documents/1790933555947-tender-document.pdf,20 hours
306984,CGOKTI/KUSP/001/2026-2027,PROPOSED IMPROVEMENT OF DRAINAGE AND PEDESTRIAN WALKWAYS FROM AIC JUNCTION TO KANDA SUPERMARKET (RHS) AND ALONG HOSPITAL WALL TOWARDS KCRH GATE UP TO KMTC JUNCTION UNDER THE KENYA URBAN SUPPORT PROGRAMME II (KUSP II,Kitui County Government,Open Tender,Works,2026-10-09 12:00:00,2026-09-30,0,0,Kitui municipality Boardroom,0,140,1,,smususya@yahoo.com,+254702615888,2026/2027,ocds-5whusi-306984-CGOKTI/KUSP/001/2026-2027,0,https://tenders.go.ke/storage/Documents/1790749525408-proposed-improvement-of-drainage-and-pedestrian-walkways-from-aic-junction-to-kanda-su.pdf; https://tenders.go.ke/storage/Documents/1790749525464-proposed-improvement-of-drainage-and-pedestrian-walkways-from-aic-junction-to-kanda-su.pdf,20 hours
306788,TNCG/CCU/02/2026/2027,PROPOSED KAMWIMBI WATER SUPPLY SOLARIZATION PROJECT.,Tharaka-Nithi County Government,Open Tender,Works,2026-10-09 12:00:00,2026-09-25,0,0,Head quarters Kathwana,0,120,42,,info@tharakanithi.go.ke,+254709617000,2026/2027,ocds-5whusi-306788-TNCG/CCU/02/2026/2027,0,https://tenders.go.ke/storage/Documents/1790583246017-advert.pdf; https://tenders.go.ke/storage/Documents/1790583246039-tender-document.pdf,20 hours
307615,TSC/T/KPEEL/04/2026-2027,PROVISION OF INTERNET CONNECTIVITY FOR VIRTUAL LEARNING INFRASTRUCTURE IN PRIMAY SCHOOLS UNDER KENYA PRIMARY EDUCATION EQUITY LEARNING PROGRAM,Teachers Service Commission,Open Tender,Non Consultancy Services,2026-10-12 10:00:00,2026-09-29,0,0,TSC HOUSE 2ND FLOOR PODIUM WING KILIMANJARO ROAD,0,180,1,Nairobi,info@tsc.go.ke,020-2892301,2026/2027,ocds-5whusi-307615-TSC/T/KPEEL/04/2026-2027,0,https://tenders.go.ke/storage/Documents/1791299592089-provision-of-internet-connectivity-for-virtual-learning-infrastructure-in-primay-schoo.pdf; https://tenders.go.ke/storage/Documents/1791299592119-provision-of-internet-connectivity-for-virtual-learning-infrastructure-in-primay-schoo.pdf,3 days
307614,TSC/T/KPEEL/02/2026-2027,"PROVISION OF SOFTWARE LICENSING, AND SOFTWARE ASSURANCE FOR KODAK AND FUJITSU SCANNERSAT THE TEACHERS SERVICE COMMISSION",Teachers Service Commission,Open Tender,Non Consultancy Services,2026-10-12 10:00:00,2026-09-29,0,0,TSC HOUSE 2ND FLOOR PODIUM WING KILIMANJARO ROAD,0,120,1,Nairobi,info@tsc.go.ke,020-2892301,2026/2027,ocds-5whusi-307614-TSC/T/KPEEL/02/2026-2027,0,https://tenders.go.ke/storage/Documents/1791299096243-provision-of-software-licensing-and-software-assurance-for-kodak-and-fujitsu-scannersa.pdf; https://tenders.go.ke/storage/Documents/1791299096261-provision-of-software-licensing-and-software-assurance-for-kodak-and-fujitsu-scannersa.pdf,3 days
307613,TSC/T/KPEEL/01/2026-2027,"REVIEW, MAINTENANCE AND TRAINING OF STAFF ON THE TEACHER PERFORMANCE APPRAISAL AND DEVELOPMENT (TPAD) ONLINE SYSTEM.",Teachers Service Commission,Open Tender,Non Consultancy Services,2026-10-12 10:00:00,2026-09-29,0,0,TSC HOUSE 2ND FLOOR PODIUM WING KILIMANJARO ROAD,0,120,1,Nairobi,info@tsc.go.ke,020-2892301,2026/2027,ocds-5whusi-307613-TSC/T/KPEEL/01/2026-2027,0,https://tenders.go.ke/storage/Documents/1791298835947-review-maintenance-and-training-of-staff-on-the-teacher-performance-appraisal-and-deve.pdf; https://tenders.go.ke/storage/Documents/1791298835976-review-maintenance-and-training-of-staff-on-the-teacher-performance-appraisal-and-deve.pdf,3 days
307609,TSC/EOI/01/2026-2027,"REQUEST FOR EXPRESSION OF INTEREST FOR RETOOLING TEACHERS ON DIGITAL CAPACITY BUILDING,PEDAGOGICAL INNOVATION,ARTIFICIAL INTELLIGENCE APPLICATIONS,DATA ETHICS AND PRACTICAL AI TOOLS IN COMPENTENCY BASED EDUCATION(CBE)IN KENYA",Teachers Service Commission,Expression of Interest,Non Consultancy Services,2026-10-12 10:00:00,2026-09-29,0,0,"TSC House 2nd floor podium wing, Kilimanjaro road upper Hill",0,0,1,Nairobi,info@tsc.go.ke,020-2892301,2026/2027,ocds-5whusi-307609-TSC/EOI/01/2026-2027,0,https://tenders.go.ke/storage/Documents/1791295398541-request-for-expression-of-interest-for-retooling-teachers-on-digital-capacity-building.pdf; https://tenders.go.ke/storage/Documents/1791295398570-request-for-expression-of-interest-for-retooling-teachers-on-digital-capacity-building.pdf,3 days
307342,EMG/SUGUT/002/2025/2026,Proposed construction of 1 classroom and supply of 20 lockers and chairs,NG-CDF EMGWEN,Open Tender,Works,2026-10-12 10:00:00,2026-10-02,0,0,ACK St Mary's Sugut staffroom,0,120,31,Kapsabet,cdfemgwen@ngcdf.go.ke,+254 768 667258,2025/2026,ocds-5whusi-307342-EMG/SUGUT/002/2025/2026,0,https://tenders.go.ke/storage/Documents/1790971917046-advert.pdf; https://tenders.go.ke/storage/Documents/1790971917114-tender-document.pdf,3 days
307313,EMBA/284/2025-2026/004,PROPOSED CONSTRUCTION OF 3NO. CLASSROOMS AT THAWABU PRIMARY SCHOOL,EMBAKASI CENTRAL NGCDF,Open Tender,Works,2026-10-12 10:00:00,2026-10-02,1,1,EMBAKASI CENTRAL NG CDF BOARD ROOM,1000,180,1,Nairobi,cdfembakasicentral@ngcdf.go.ke,+254 721 934256,2025/2026,ocds-5whusi-307313-EMBA/284/2025-2026/004,0,https://tenders.go.ke/storage/Documents/1790947767770-advert.pdf; https://tenders.go.ke/storage/Documents/1790947767798-proposed-construction-of-3no-classrooms-at-thawabu-primary-schoo.pdf,3 days
307309,EMBA/284/2025-2026/002,PROPOSED CONSTRUCTION OF BOYS TOILET BLOCK AT KAYOLE NORTH PRIMARY SCHOOL,EMBAKASI CENTRAL NGCDF,Open Tender,Works,2026-10-12 10:00:00,2026-10-02,0,0,EMBAKASI CENTRAL NG CDF BOARD ROOM,1000,180,1,Nairobi,cdfembakasicentral@ngcdf.go.ke,+254 721 934256,2025/2026,ocds-5whusi-307309-EMBA/284/2025-2026/002,0,https://tenders.go.ke/storage/Documents/1790946504184-advert.pdf; https://tenders.go.ke/storage/Documents/1790946504221-proposed-construction-of-boys-toilet-block-at-kayole-north-primary-school.pdf,3 days
307307,EMBA/284/2025-2026/001,PROPOSED CONSTRUCTION OF GIRLS TOILET BLOCK AT KAYOLE NORTH PRIMARY SCHOOL,EMBAKASI CENTRAL NGCDF,Open Tender,Works,2026-10-12 10:00:00,2026-10-02,0,0,EMBAKASI CENTRAL NG CDF BOARD,1000,180,1,Nairobi,cdfembakasicentral@ngcdf.go.ke,+254 721 934256,2025/2026,ocds-5whusi-307307-EMBA/284/2025-2026/001,0,https://tenders.go.ke/storage/Documents/1790945646062-advert.pdf; https://tenders.go.ke/storage/Documents/1790945646106-proposed-construction-of-girls-toilet-block-at-kayole-north-primary-school.pdf,3 days
307297,CGK/RTPW&U/LEASE/015/2026-2027,TENDER FOR LEASING OF A WATER BOWSER UNDER FRAMEWORK CONTRACTING FOR ROAD REHABILITATION WORKS IN KIAMBU COUNTY,Kiambu County Government,Framework Agreements,Non Consultancy Services,2026-10-12 10:00:00,2026-10-02,0,0,THE TENDER OPENING SHALL TAKE PLACE AT THE COUNTY GOVERNMENT OF KIAMBU HEADQUARTERS – BOARDROOM ON 12TH OCTOBER 2026 TIME: 10:00AM,0,126,5,,info@kiambu.go.ke,+254 709 877 000,2026/2027,ocds-5whusi-307297-CGK/RTPW&U/LEASE/015/2026-2027,0,https://tenders.go.ke/storage/Documents/1790941462524-tender-for-leasing-of-a-water-bowser-under-framework-contracting-for-road-rehabilitati.pdf; https://tenders.go.ke/storage/Documents/1790941743400-tender-notice.pdf,3 days
307272,2407736-2026/2027,SUPPLY AND DELIVERY OF EL NINO PREPAREDNESS MATERIALS FOR COMMUNITY HEALTH PROMOTERS (CHPS),Kisii County Government,Open Tender,Goods,2026-10-12 10:00:00,2026-10-02,0,0,COUNTY HEALTH SERVICES HEADQUARTERS BOARDROOM,0,10,24,,procurement@kisii.go.ke,+254701568734,2026/2027,ocds-5whusi-307272-2407736-2026/2027,0,https://tenders.go.ke/storage/Documents/1790936428713-notice.pdf; https://tenders.go.ke/storage/Documents/1790936428745-document.pdf,3 days
307267,BGM/CNTY/NSCH/OT/01/2026/2027,"UPPLY, DELIVERY AND INSTALLATION OF 15 BODIES COLD CHAMBER at NAITIRI SUB- COUNTY HOSPITAL",Bungoma County Government,Open Tender,Works,2026-10-12 10:00:00,2026-10-02,0,0,BOARDROOM NAITIRI SUB- COUNTY HOSPITAL,0,120,18,,info@bungoma.go.ke,055-2030144,2026/2027,ocds-5whusi-307267-BGM/CNTY/NSCH/OT/01/2026/2027,0,https://tenders.go.ke/storage/Documents/1790935442564-naitiri-sub-county-cold-chamberpdf.pdf,3 days
307232,NG-CDF/BN/OCO/001/2026/2027,PROPOSED CONSTRUCTION TO COMPLETION OF OSSEN CHIEFS OFFICE,BARINGO NORTH NG-CDF,Open Tender,Works,2026-10-12 10:00:00,2026-10-05,0,0,BARINGO NORTH NG-CDF OFFICE BOARDROOM,1000,60,34,KABARTONJO,cdfbaringonorth@ngcdf.go.ke,+254 724 669962,2025/2026,ocds-5whusi-307232-NG-CDF/BN/OCO/001/2026/2027,0,https://tenders.go.ke/storage/Documents/1790927283794-tender-advert.pdf; https://tenders.go.ke/storage/Documents/1790927283843-proposed-construction-to-completion-of-ossen-chiefs-office.pdf,3 days
307190,2409726-2026/2027,PROVISION OF COUNTY REVENUE ENHANCEMENT AND MOBILIZATION TRAINING SERVICES,Kisii County Government,Open Tender,Non Consultancy Services,2026-10-12 10:00:00,2026-10-01,0,0,COUNTY TREASURY BLOCK 'A' ROOM 2 PROCUREMENT POOL,300000,140,24,,procurement@kisii.go.ke,+254701568734,2026/2027,ocds-5whusi-307190-2409726-2026/2027,0,https://tenders.go.ke/storage/Documents/1790886672758-tender-document.pdf,3 days
307187,2418842-2026/2027,PROVISION OF EVENT MANAGEMENT SERVICES FOR MASHUJAA DAY CELEBRATION,Kisii County Government,Open Tender,Non Consultancy Services,2026-10-12 10:00:00,2026-10-01,0,0,"County Treasury, Block A, room no. 2 (Procurement pool)",0,109,24,,procurement@kisii.go.ke,+254701568734,2026/2027,ocds-5whusi-307187-2418842-2026/2027,0,https://tenders.go.ke/storage/Documents/1790881170090-tender-document.pdf,3 days
307169,2418780-2026/2027,"PRINTING, SUPPLY AND DELIVERY OF ECDE TEACHERS' GIFT SET",Kisii County Government,Open Tender,Goods,2026-10-12 10:00:00,2026-10-01,0,0,"Kisii County Treasury Offices, Procurement Pool, Room No. 2",0,140,24,,procurement@kisii.go.ke,+254701568734,2026/2027,ocds-5whusi-307169-2418780-2026/2027,0,https://tenders.go.ke/storage/Documents/1790861354071-supply-and-delivery-of-ecde-teachers-gift-set.pdf,3 days
307162,TSC/SEEQIP/RFP/001/2026-2029,"CONSULTANCY FOR DELIVERY OF SCHOOL BASED TEACHER SUPPORT SYSTEM (SBTSS) FOR ENGLISH SUBJECT CONTENT AND PEDAGOGY TO GRADES 1,2,3,4,5,6 AND JUNIOR SCHOOL FOR GRADES 7, 8 AND 9 TEACHERS OF ENGLISH IN 47 COUNTIES AND REFUGEE CAMP-BASED SCHOOLS",Teachers Service Commission,Request for Proposals,Consultancy Services,2026-10-12 10:00:00,2026-09-29,0,0,"Teachers Service Commission Upper Hill, Kilimanjaro Road, v TSC Building-Podium Wing, Ground Floor",1000,120,1,Nairobi,info@tsc.go.ke,020-2892301,2026/2027,ocds-5whusi-307162-TSC/SEEQIP/RFP/001/2026-2029,0,https://tenders.go.ke/storage/Documents/1790859259295-consultancy-for-delivery-of-school-based-teacher-support-system-sbtss-for-english-subj.pdf; https://tenders.go.ke/storage/Documents/1790859259332-advert.pdf,3 days
307061,2417828,"Provision of Event Management, Public Awareness Campaign and Sensitization on the Anticipated El-Nino Rains",Kisii County Government,Open Tender,Non Consultancy Services,2026-10-12 10:00:00,2026-09-30,0,0,Kisii Municipality Board Room,0,140,24,,procurement@kisii.go.ke,+254701568734,2026/2027,ocds-5whusi-307061-2417828,0,https://tenders.go.ke/storage/Documents/1790798767421-tender-notice.pdf; https://tenders.go.ke/storage/Documents/1790798767453-tender-document.pdf,3 days
306834,NG-CDF/BTL/01/BLR/2026-2027,PROPOSED CONSTRUCTION OF BUTULA LAND REGISTRY,BUTULA NGCDF,Open Tender,Works,2026-10-12 10:00:00,2026-09-28,1,1,BUTULA DCC OFFICE BOARDROOM,0,150,19,BUTULA,cdfbutula@ngcdf.go.ke,+254 721 956390,2026/2027,ocds-5whusi-306834-NG-CDF/BTL/01/BLR/2026-2027,0,https://tenders.go.ke/storage/Documents/1790592822046-proposed-construction-of-butula-land-registry.pdf,3 days
306964,TENP/T/003/2026/2027,PROVISION OF DEDICATED INTERNET SERVICES AT THE ELDORET NATIONAL POLYTECHNIC,THE ELDORET NATIONAL POLYTECHNIC,Open Tender,Non Consultancy Services,2026-10-12 10:30:00,2026-09-29,0,0,TENP BOARDROOM,0,116,29,ELDORET,info@tenp.ac.ke,0724010789,2026/2027,ocds-5whusi-306964-TENP/T/003/2026/2027,0,https://tenders.go.ke/storage/Documents/1790684936234-tender-document.pdf,3 days
307706,GMC/WIECC/OT/O11/2026-2027,SUPPLY AND DELIVERY OF DRILLING TOOLS AND MATERIALS FOR THE BOREHOLES,Machakos County Government,Open Tender,Goods,2026-10-12 11:00:00,2026-10-05,0,0,WATER AND IRRIGATION BOARD ROOM,0,90,3,,jnzambu@gmail.com,+254724849990,2026/2027,ocds-5whusi-307706-GMC/WIECC/OT/O11/2026-2027,0,https://tenders.go.ke/storage/Documents/1791367258694-supply-and-delivery-of-drilling-tools-and-materials-for-the-boreholes.pdf; https://tenders.go.ke/storage/Documents/1791367258733-supply-and-delivery-of-drilling-tools-and-materials-for-the-boreholes.pdf,3 days
307410,2417926-2026/2027,SUPPLY AND DELIVERY OF UNIFORM,Bungoma County Government,Restricted Tendering,Goods,2026-10-12 11:00:00,2026-10-05,0,0,BOARDROOM,0,120,18,,info@bungoma.go.ke,055-2030144,2026/2027,ocds-5whusi-307410-2417926-2026/2027,0,https://tenders.go.ke/storage/Documents/1791189311674-supply-and-delivery-of-uniform.pdf,3 days
306961,TENP/T/SP/002-2026/27,"PROPOSED SUPPLY, INSTALLATION, TESTING, AND COMMISSIONING OF SOLAR PV POWER PLANT AT THE ELDORET NATIONAL POLYTECHNICMAIN CAMPUS",THE ELDORET NATIONAL POLYTECHNIC,Restricted Tendering,Works,2026-10-12 11:00:00,2026-09-29,0,0,TENP BOARDROOM,0,120,29,ELDORET,info@tenp.ac.ke,0724010789,2026/2027,ocds-5whusi-306961-TENP/T/SP/002-2026/27,0,https://tenders.go.ke/storage/Documents/1790684274269-tender-document.pdf,3 days
306890,EBU/CNT/FA/07/2026-2027,FRAMEWORK AGREEMENT FOR THE SUPPLY AND DELIVERY OF LABORATORY REAGENTS FOR A PERIOD OF TWO (2) YEARS,Embu County Government,Framework Agreements,Goods,2026-10-12 11:00:00,2026-09-28,0,0,Embu County Headquarters Procurement Block,0,120,43,,"info@embu.go.ke, procurement@embu.go.ke",+254 771 204 003 +254 703 192 924 +254 68 30686 +254 68 30656,2026/2027,ocds-5whusi-306890-EBU/CNT/FA/07/2026-2027,0,https://tenders.go.ke/storage/Documents/1790620628803-tende-notice.pdf; https://tenders.go.ke/storage/Documents/1790620628828-tender-document.pdf,3 days
306889,EBU/CNT/FA/06/2026-2027,FRAMEWORK AGREEMENT FOR THE SUPPLY AND DELIVERY OF NON-PHARMACEUTICALS SUPPLIES FOR A PERIOD OF TWO (2) YEARS,Embu County Government,Framework Agreements,Goods,2026-10-12 11:00:00,2026-09-28,0,0,Embu County Headquarters Procurement Block,0,120,43,,"info@embu.go.ke, procurement@embu.go.ke",+254 771 204 003 +254 703 192 924 +254 68 30686 +254 68 30656,2026/2027,ocds-5whusi-306889-EBU/CNT/FA/06/2026-2027,0,https://tenders.go.ke/storage/Documents/1790620327507-tender-notice.pdf; https://tenders.go.ke/storage/Documents/1790620327541-tender-document.pdf,3 days
306888,EBU/CNT/FA/05/2026-2027,FRAMEWORK AGREEMENT FOR THE SUPPLY AND DELIVERY OF PHARMACEUTICALS SUPPLIES FOR A PERIOD OF TWO (2) YEARS,Embu County Government,Framework Agreements,Goods,2026-10-12 11:00:00,2026-09-28,0,0,Embu County Headquarters Procurement Block,0,120,43,,"info@embu.go.ke, procurement@embu.go.ke",+254 771 204 003 +254 703 192 924 +254 68 30686 +254 68 30656,2026/2027,ocds-5whusi-306888-EBU/CNT/FA/05/2026-2027,0,https://tenders.go.ke/storage/Documents/1790620161098-tender-notice.pdf; https://tenders.go.ke/storage/Documents/1790620161126-tender-advert.pdf,3 days
306887,EBU/CNT/FA/04/2026-2027,FRAMEWORK AGREEMENT FOR THE SUPPLY AND DELIVERY OF CLINICAL NUTRITION MANAGEMENT SUPPLIES FOR A PERIOD OF TWO (2) YEARS,Embu County Government,Framework Agreements,Goods,2026-10-12 11:00:00,2026-09-28,0,0,Embu County Headquarters Procurement Block,0,120,43,,"info@embu.go.ke, procurement@embu.go.ke",+254 771 204 003 +254 703 192 924 +254 68 30686 +254 68 30656,2026/2027,ocds-5whusi-306887-EBU/CNT/FA/04/2026-2027,0,https://tenders.go.ke/storage/Documents/1790619909778-tender-document.pdf; https://tenders.go.ke/storage/Documents/1790619909791-tender-notice.pdf,3 days
306886,EBU/CNT/FA/03/2026-2027,FRAMEWORK AGREEMENT FOR THE SUPPLY AND DELIVERY OF FOOD STUFF AND RELATED INGREDIENTS (NON-PERISHABLE) FOR A PERIOD OF TWO (2),Embu County Government,Framework Agreements,Goods,2026-10-12 11:00:00,2026-09-28,0,0,Embu County Headquarters Procurement Block,0,120,43,,"info@embu.go.ke, procurement@embu.go.ke",+254 771 204 003 +254 703 192 924 +254 68 30686 +254 68 30656,2026/2027,ocds-5whusi-306886-EBU/CNT/FA/03/2026-2027,0,https://tenders.go.ke/storage/Documents/1790619795883-tender-document.pdf; https://tenders.go.ke/storage/Documents/1790619795902-tender-notice.pdf,3 days
306883,EBU/CNT/FA/02/2026-2027,FRAMEWORK AGREEMENT FOR THE SUPPLY AND DELIVERY OF FOOD STUFF AND RELATED INGREDIENTS (PERISHABLE) FOR A PERIOD OF TWO (2) YEARS,Embu County Government,Framework Agreements,Goods,2026-10-12 11:00:00,2026-09-28,0,0,Embu County Headquarters Procurement Block,0,120,43,,"info@embu.go.ke, procurement@embu.go.ke",+254 771 204 003 +254 703 192 924 +254 68 30686 +254 68 30656,2026/2027,ocds-5whusi-306883-EBU/CNT/FA/02/2026-2027,0,https://tenders.go.ke/storage/Documents/1790619638430-tender-document.pdf; https://tenders.go.ke/storage/Documents/1790619638451-tender-notice.pdf,3 days
306881,EBU/CNT/FA/01/2026-2027,"FRAMEWORK AGREEMENT FOR THE SUPPLY AND DELIVERY OF CLEANING, SANITATION, WASTE MANAGEMENT, PPE, PEST CONTROL AND MORTUARY SUPPLIES FOR A PERIOD OF TWO (2) YEARS",Embu County Government,Framework Agreements,Goods,2026-10-12 11:00:00,2026-09-28,0,0,Embu County Headquarters Procurement Block,0,120,43,,"info@embu.go.ke, procurement@embu.go.ke",+254 771 204 003 +254 703 192 924 +254 68 30686 +254 68 30656,2026/2027,ocds-5whusi-306881-EBU/CNT/FA/01/2026-2027,0,https://tenders.go.ke/storage/Documents/1790619451001-tender-notice.pdf; https://tenders.go.ke/storage/Documents/1790619451060-tender-document.pdf,3 days
307089,CGOKTI/MOH/TENDER/008/2026-2027,"SUPPLY, DELIVERY, INSTALLATION, TESTING, COMMISSIONING AND TRAINING OF MEDICAL EQUIPMENTS FOR THE NZAMBA KITONGA MEMORIAL HOSPITAL",Kitui County Government,Open Tender,Goods,2026-10-12 12:00:00,2026-09-30,1,1,ONLINE,0,120,1,,smususya@yahoo.com,+254702615888,2026/2027,ocds-5whusi-307089-CGOKTI/MOH/TENDER/008/2026-2027,0,https://tenders.go.ke/storage/Documents/1790838530413-advert.pdf; https://tenders.go.ke/storage/Documents/1790838530439-supply-delivery-installation-testing-commissioning-and-training-of-medical-equipments-.pdf,3 days
307088,CGOKTI/MOH/TENDER/007/2026-2027,"SUPPLY, DELIVERY, INSTALLATION, TESTING, COMMISSIONING AND TRAINING OF MEDICAL EQUIPMENTS FOR THE MATERNITY THEATRE AT YATTA HEALTH CENTRE",Kitui County Government,Open Tender,Goods,2026-10-12 12:00:00,2026-09-30,1,1,ONLINE,0,120,1,,smususya@yahoo.com,+254702615888,2026/2027,ocds-5whusi-307088-CGOKTI/MOH/TENDER/007/2026-2027,0,https://tenders.go.ke/storage/Documents/1790838434724-advert.pdf; https://tenders.go.ke/storage/Documents/1790838434751-supply-delivery-installation-testing-commissioning-and-training-of-medical-equipments-.pdf,3 days
307086,CGOKTI/MOH/TENDER/005/2026-2027,"SUPPLY, DELIVERY, INSTALLATION, TESTING, COMMISSIONING AND TRAINING OF MEDICAL EQUIPMENTS FOR THE MATERNITY UNITS IN LEVEL  2 AND 3 HEALTH FACILITIES",Kitui County Government,Open Tender,Goods,2026-10-12 12:00:00,2026-09-30,1,1,ONLINE,0,120,1,,smususya@yahoo.com,+254702615888,2026/2027,ocds-5whusi-307086-CGOKTI/MOH/TENDER/005/2026-2027,0,https://tenders.go.ke/storage/Documents/1790838161909-advert.pdf; https://tenders.go.ke/storage/Documents/1790838161944-supply-delivery-installation-testing-commissioning-and-training-of-medical-equipments-.pdf,3 days
307085,CGOKTI/MOH/TENDER/006/2026-2027,"SUPPLY, DELIVERY, INSTALLATION, TESTING, COMMISSIONING AND TRAINING OF MEDICAL EQUIPMENTS FOR THE PHYSIOTHERAPY AND LAUNDRY DEPARTMENTS IN IKUTHA SUBCOUNTY HOSPITAL",Kitui County Government,Open Tender,Goods,2026-10-12 12:00:00,2026-09-30,1,1,ONLINE,0,120,1,,smususya@yahoo.com,+254702615888,2026/2027,ocds-5whusi-307085-CGOKTI/MOH/TENDER/006/2026-2027,0,https://tenders.go.ke/storage/Documents/1790837990354-advert.pdf; https://tenders.go.ke/storage/Documents/1790837990393-supply-delivery-installation-testing-commissioning-and-training-of-medical-equipments-.pdf,3 days
307083,CGOKTI/MOH/TENDER/004/2026-2027,"SUPPLY, DELIVERY, INSTALLATION, TESTING, COMMISSIONING AND TRAINING OF MEDICAL EQUIPMENTS FOR THE TWENTY (20) NEW LEVEL 2 HEALTH FACILITIES",Kitui County Government,Open Tender,Goods,2026-10-12 12:00:00,2026-09-30,1,1,ONLINE,0,120,1,,smususya@yahoo.com,+254702615888,2026/2027,ocds-5whusi-307083-CGOKTI/MOH/TENDER/004/2026-2027,0,https://tenders.go.ke/storage/Documents/1790837459068-advert.pdf; https://tenders.go.ke/storage/Documents/1790837459108-supply-delivery-installation-testing-commissioning-and-training-of-medical-equipments-.pdf,3 days
306836,NG-CDF/BTL/01/BPP/2NO UPH/2026-2027,PROPOSED CONSTRUCTION TO COMPLECTION OF 2 UNIT POLICE HOUSE,BUTULA NGCDF,Open Tender,Works,2026-10-12 12:00:00,2026-09-28,0,0,BUKHALALIRE CHIEF  OFFICE BOARDROOM,0,150,19,BUTULA,cdfbutula@ngcdf.go.ke,+254 721 956390,2026/2027,ocds-5whusi-306836-NG-CDF/BTL/01/BPP/2NOUPH/2026-2027,0,https://tenders.go.ke/storage/Documents/1790593728292-proposed-construction-to-complection-of-2-unit-police-house.pdf,3 days
306019,KGO/T/55/2026-2027,PROPOSED  CONSTRUCTION OF PERIMETER WALL AT ST JOHN’S TTC  KILIMAMBOGO,"ST. JOHN’S TEACHERS’ TRAINING COLLEGE, KILIMAMBOGO",Open Tender,Works,2026-10-12 12:00:00,2026-09-18,0,0,LRC ROOM,0,126,1,,st.johnsttc.kilimambogo@gmail.com,0703129273,2026/2027,ocds-5whusi-306019-KGO/T/55/2026-2027,0,https://tenders.go.ke/storage/Documents/1789756678895-tender-notice.pdf; https://tenders.go.ke/storage/Documents/1789760541367-tender-document-for-perimeter-wall.pdf,3 days
306018,KGO/T/54/2026-2027,PROPOSED  CONSTRUCTION AND INSTALLATION OF SOLAR POWER AT      ST. JOHN’S TTC KILIMAMBOGO,"ST. JOHN’S TEACHERS’ TRAINING COLLEGE, KILIMAMBOGO",Open Tender,Works,2026-10-12 12:00:00,2026-09-18,0,0,LRC ROOM,0,126,1,,st.johnsttc.kilimambogo@gmail.com,0703129273,2026/2027,ocds-5whusi-306018-KGO/T/54/2026-2027,0,https://tenders.go.ke/storage/Documents/1789756525619-tender-notice.pdf; https://tenders.go.ke/storage/Documents/1789760632796-tender-document-for-solar-installation.pdf,3 days
306017,KGO/T/53/2026-2027,"PROPOSED  REMOVAL OF ASBESTOS, DISPOSAL AND RE-ROOFING WITH  NEW ROOFING SHEETS AT ST JOHN’S TTC KILIMAMBOGO","ST. JOHN’S TEACHERS’ TRAINING COLLEGE, KILIMAMBOGO",Open Tender,Works,2026-10-12 12:00:00,2026-09-18,0,0,LRC ROOM,0,126,1,,st.johnsttc.kilimambogo@gmail.com,0703129273,2026/2027,ocds-5whusi-306017-KGO/T/53/2026-2027,0,https://tenders.go.ke/storage/Documents/1789756371202-tender-notice.pdf; https://tenders.go.ke/storage/Documents/1789760812150-tender-document-for-asbestos-removal.pdf,3 days
306016,KGO/T/52/2026-2027,PROPOSED  CONSTRUCTION OF STAFF HOUSES,"ST. JOHN’S TEACHERS’ TRAINING COLLEGE, KILIMAMBOGO",Open Tender,Works,2026-10-12 12:00:00,2026-09-18,0,0,LRC ROOM,0,112,1,,st.johnsttc.kilimambogo@gmail.com,0703129273,2026/2027,ocds-5whusi-306016-KGO/T/52/2026-2027,0,https://tenders.go.ke/storage/Documents/1789756169038-tender-notice.pdf; https://tenders.go.ke/storage/Documents/1789756169105-tender-document-for-staff-houses.pdf,3 days
306444,KITWASCO/OT/ 034/2026–2027,"SUPPLY, DELIVERY, INSTALLATION, TESTING AND COMMISSIONING OF 1 (ONE) NO. HIGHLIFT PUMPING SET (MOTOR AND PUMP) DRIVER RATING 315KW, 1480RPM, ELECTRIC POWER SUPPLY/EFFICIENCY CLASS 415V/3PH/50HZ/IE4 FOR MASINGA TREATMENT WORKS",Kitui Water & Sanitation Company,Open Tender,Goods,2026-10-13 00:00:00,2026-09-23,1,2,KITWASO HEADQUARTERS BOARDROOM,0,126,1,,kitwasco@gmail.com,0701 545 554,2026/2027,ocds-5whusi-306444-KITWASCO/OT/034/2026–2027,0,https://tenders.go.ke/storage/Documents/1790172372004-tender-advert.pdf; https://tenders.go.ke/storage/Documents/1790172372059-tender-document.pdf,4 days
306418,KeNHA/3007/2026,"REGISTRATION OF SUPPLIERS FOR THE PROVISION  OF GOODS AND SERVICES FOR THE PERIOD  ENDING 30TH SEPTEMBER, 2028  ELIGIBILITY-ALL, WOMEN, YOUTH AND PERSONS  LIVING WITH DISABILITIES (PWD)",Kenya National Highway Authority,Prequalification,Non Consultancy Services,2026-10-13 00:00:00,2026-09-22,1,2,KeNHA Head Office Barabara plaza and other 10 KeNHA Regional offices,0,90,1,,r.kilel@kenha.co.ke,+254700423606 / 020 4954000,2026/2027,ocds-5whusi-306418-KeNHA/3007/2026,0,https://tenders.go.ke/storage/Documents/1790165337663-tender-document.pdf; https://tenders.go.ke/storage/Documents/1790165337697-mygov.pdf; https://tenders.go.ke/storage/Documents/1790165337702-kenha-website-extract.pdf,4 days
306151,RFX NO. 1000001604,Supply and Delivery of Conductors - Open to PWD,Rural Electrification Authority,Open Tender,Goods,2026-10-13 00:00:00,2026-09-15,1,1,"KAWI COMPLEX, South c",0,133,1,,info@rea.co.ke,0709193645,2026/2027,ocds-5whusi-306151-RFXNO.1000001604,0,https://tenders.go.ke/storage/Documents/1790054437817-tender-document.pdf; https://tenders.go.ke/storage/Documents/1790054437839-invitation-to-tender.pdf; https://tenders.go.ke/storage/Documents/1790054437856-advert.pdf,4 days
306150,RFX NO. 1000001603,"Supply and Delivery of Conductors, Cables and Staywires - Open to Women",Rural Electrification Authority,Open Tender,Goods,2026-10-13 00:00:00,2026-09-15,1,1,"KAWI COMPLEX, South c",0,133,1,,info@rea.co.ke,0709193645,2026/2027,ocds-5whusi-306150-RFXNO.1000001603,0,https://tenders.go.ke/storage/Documents/1790053914871-tender-document.pdf; https://tenders.go.ke/storage/Documents/1790053914900-invitation-to-tender.pdf; https://tenders.go.ke/storage/Documents/1790053914905-advert.pdf,4 days
306149,RFX NO. 1000001602,Supply and Delivery of Conductors and Cables - Open to Youth,Rural Electrification Authority,Open Tender,Goods,2026-10-13 00:00:00,2026-09-15,1,1,"KAWI COMPLEX, South C",0,133,1,,info@rea.co.ke,0709193645,2026/2027,ocds-5whusi-306149-RFXNO.1000001602,0,https://tenders.go.ke/storage/Documents/1790053693234-tender-document.pdf; https://tenders.go.ke/storage/Documents/1790053693270-invitation-to-tender.pdf; https://tenders.go.ke/storage/Documents/1790053693276-advert.pdf,4 days
306148,RFX NO. 1000001601,"Supply and Delivery of Conductors, Cables and Staywires",Rural Electrification Authority,Open Tender,Goods,2026-10-13 00:00:00,2026-09-15,1,1,"KAWI Complex, South C",0,133,1,,info@rea.co.ke,0709193645,2026/2027,ocds-5whusi-306148-RFXNO.1000001601,0,https://tenders.go.ke/storage/Documents/1790053308325-tender-document.pdf; https://tenders.go.ke/storage/Documents/1790053308413-invitation-to-tender.pdf; https://tenders.go.ke/storage/Documents/1790053308439-advert.pdf,4 days
307608,RYS/NGCDF/KIANJUKIPRIMARYSCHOOL/05/2026-2027,RENOVATION OF CLASSROOMS AT KIANJUKI PRIMARY SCHOOL,NG-CDF Runyenjes,Open Tender,Works,2026-10-13 10:00:00,2026-10-06,0,0,RUNYENJES NGCDF OFFICE BOARDROOM,0,120,43,Runyenjes,cdfrunyenjes@ngcdf.go.ke,0710878893,2026/2027,ocds-5whusi-307608-RYS/NGCDF/KIANJUKIPRIMARYSCHOOL/05/2026-2027,0,https://tenders.go.ke/storage/Documents/1791294189153-tender-document-for-renovation-of-classrooms-at-kianjuki-primary-school.pdf,4 days
307585,NGCDF/MMSW/KHU/PS/01/2026 - 2027,"Proposed construction and Equipping of 3 No. Classrooms at Khungwani Primary & Junior School in Mumias West Constituency, Kakamega County",MUMIAS WEST NG CDF,Open Tender,Works,2026-10-13 10:00:00,2026-10-06,0,0,"Khungwani Primary & Junior School in Mumias West Constituency, Kakamega County",0,180,16,Mumias,cdfmumiaswest@ngcdf.go.ke,720334928,2026/2027,ocds-5whusi-307585-NGCDF/MMSW/KHU/PS/01/2026-2027,0,https://tenders.go.ke/storage/Documents/1791292035038-tender-notice.pdf; https://tenders.go.ke/storage/Documents/1791292035102-tender-document.pdf,4 days
307529,NG-CDF/BN/KACO/011/2026/2027,PROPOSED CONSTRUCTION TO COMPLETION OF KAPTILOMWO CHIEFS OFFICE,BARINGO NORTH NG-CDF,Open Tender,Works,2026-10-13 10:00:00,2026-10-06,0,0,BARINGO NORT NG-CDF OFFICE BOARDROOM,1000,60,34,KABARTONJO,cdfbaringonorth@ngcdf.go.ke,+254 724 669962,2025/2026,ocds-5whusi-307529-NG-CDF/BN/KACO/011/2026/2027,0,https://tenders.go.ke/storage/Documents/1791280036953-tender-advert-for-kaptilomwo-chiefs-office.pdf; https://tenders.go.ke/storage/Documents/1791280036965-tender-document-for-kaptilomwo-chiefs-office.pdf,4 days
307522,NG-CDF/BN/KAPS/012/2026/2027,PROPOSED CONSTRUCTION TO COMPLETION OF 1 NO CLASSROOM AT KAPKOLE PRIMARY SCHOOL,BARINGO NORTH NG-CDF,Open Tender,Works,2026-10-13 10:00:00,2026-10-06,0,0,BARINGO NORTH NG-CDF OFFICE BOARDROOM,1000,60,34,KABARTONJO,cdfbaringonorth@ngcdf.go.ke,+254 724 669962,2025/2026,ocds-5whusi-307522-NG-CDF/BN/KAPS/012/2026/2027,0,https://tenders.go.ke/storage/Documents/1791277487850-tender-advert-for-kapkole-primary-school.pdf; https://tenders.go.ke/storage/Documents/1791277487877-tender-document-for-kapkole-primary-school.pdf,4 days
307520,NG-CDF/BN/BSPS/010/2026/2027,PROPOSED CONSTRUCTION TO COMPLETION OF I NO CLASSROOM AT BOSSEI PRIMARY SCHOOL,BARINGO NORTH NG-CDF,Open Tender,Works,2026-10-13 10:00:00,2026-10-06,0,0,BARINGO NORTH NG-CDF OFFICE BOARDROOM,1000,60,34,KABARTONJO,cdfbaringonorth@ngcdf.go.ke,+254 724 669962,2025/2026,ocds-5whusi-307520-NG-CDF/BN/BSPS/010/2026/2027,0,https://tenders.go.ke/storage/Documents/1791277280279-tender-advert-for-bossei-primary-school.pdf; https://tenders.go.ke/storage/Documents/1791277280306-tender-document-for-bossei-primary-school.pdf,4 days
307519,NG-CDF/BN/MKSS/009/2026/2027,PROPOSED CONSTRUCTION OF I NO CLASSROOM TO COMPLETION AT MOI KABARTONJO VI SPECIAL SCHOOL,BARINGO NORTH NG-CDF,Open Tender,Works,2026-10-13 10:00:00,2026-10-06,0,0,BARINGO NORTH NG-CDF OFFICE BOARDROOM,1000,60,34,KABARTONJO,cdfbaringonorth@ngcdf.go.ke,+254 724 669962,2025/2026,ocds-5whusi-307519-NG-CDF/BN/MKSS/009/2026/2027,0,https://tenders.go.ke/storage/Documents/1791277090496-tender-advert-for-moi-kabartonjo-vi-special-school.pdf; https://tenders.go.ke/storage/Documents/1791277090529-tender-document-for-moi-kabartonjo-vi-special-school.pdf,4 days
307515,NG-CDF/BN/KOPS/008/2026/2027,PROPOSED CONSTRUCTION TO COMPLETION OF 1 NO CLASSROOM AT KOMBOSANG PRIMARY SCHOOL,BARINGO NORTH NG-CDF,Open Tender,Works,2026-10-13 10:00:00,2026-10-06,0,0,BARINGO NORTH NG-CDF  OFFICE BOARDROOM,1000,60,34,KABARTONJO,cdfbaringonorth@ngcdf.go.ke,+254 724 669962,2025/2026,ocds-5whusi-307515-NG-CDF/BN/KOPS/008/2026/2027,0,https://tenders.go.ke/storage/Documents/1791276739871-tender-advert-for-kombosang-primary-school.pdf; https://tenders.go.ke/storage/Documents/1791276739888-tender-document-for-kombosang-primary-school.pdf,4 days
307514,NG-CDF/BN/KPPS/007/2026/2027,PROPOSED CONSTRUCTION OF 1 NO CLASSROOM TO COMPLETION AT KIPKOLONY PRIMARY SCHOOL,BARINGO NORTH NG-CDF,Open Tender,Works,2026-10-13 10:00:00,2026-10-06,0,0,BARINGO NORTH NG-CDF OFFICE BOARDROOM,1000,60,34,KABARTONJO,cdfbaringonorth@ngcdf.go.ke,+254 724 669962,2025/2026,ocds-5whusi-307514-NG-CDF/BN/KPPS/007/2026/2027,0,https://tenders.go.ke/storage/Documents/1791276532897-tender-advert-for-kipkolony-primary-school.pdf; https://tenders.go.ke/storage/Documents/1791276532916-tender-document-for-kipkolony-primary-school.pdf,4 days
307513,NG-CDF/BN/LWPS/006/2026/2027,PROPOSED CONSTRUCTION TO COMPLETION OF 1 NO CLASSROOM AT LAWAN PRIMARY SCHOOL,BARINGO NORTH NG-CDF,Open Tender,Works,2026-10-13 10:00:00,2026-10-06,0,0,BARINGO NORTH NG-CDF OFFICE BOARDROOM,1000,60,34,KABARTONJO,cdfbaringonorth@ngcdf.go.ke,+254 724 669962,2025/2026,ocds-5whusi-307513-NG-CDF/BN/LWPS/006/2026/2027,0,https://tenders.go.ke/storage/Documents/1791276286419-tender-advert-for-lawan-primary-school.pdf; https://tenders.go.ke/storage/Documents/1791276286470-tender-document-for-proposed-construction-of-1-no-classroom-at-lawan-primary-school.pdf,4 days
307511,NG-CDF/BN/MCPS/005/2026/2027,PROPOSED CONSTRUCTION TO COMPLETION OF 1 NO CLASSROOM  AT MUCHUKWO PRIMARY SCHOOL,BARINGO NORTH NG-CDF,Open Tender,Works,2026-10-13 10:00:00,2026-10-06,0,0,BARINGO NORTH NG-CDF OFFICE BOARDROOM,1000,60,34,KABARTONJO,cdfbaringonorth@ngcdf.go.ke,+254 724 669962,2025/2026,ocds-5whusi-307511-NG-CDF/BN/MCPS/005/2026/2027,0,https://tenders.go.ke/storage/Documents/1791276005218-tender-advert-for-muchukwo-primary-school.pdf; https://tenders.go.ke/storage/Documents/1791276005246-tender-document-for-proposed-construction-of-1-no-classroom-at-muchukwo-primary-school.pdf,4 days
307509,NG-CDF/BN/SNPS/004/2026/2027,PROPOSED CONSTRUCTION TO COMPLETION OF 1 NO CLASSROOM AT SENEBO PRIMARY SCHOOL,BARINGO NORTH NG-CDF,Open Tender,Works,2026-10-13 10:00:00,2026-10-06,0,0,Baringo North NG-CDF office Boardroom,1000,60,34,KABARTONJO,cdfbaringonorth@ngcdf.go.ke,+254 724 669962,2025/2026,ocds-5whusi-307509-NG-CDF/BN/SNPS/004/2026/2027,0,https://tenders.go.ke/storage/Documents/1791275477039-tender-advert-for-senebo-primary-school.pdf; https://tenders.go.ke/storage/Documents/1791275477069-tender-document-for-construction-of-1-no-classroom-at-senebo-primary-school.pdf,4 days
307506,NG-CDF/SBPS/003/2026/2027,PROPOSED CONSTRUCTION TO COMPLETION OF 1 NO CLASSROOM AT SIBOO PRIMARY SCHOOL,BARINGO NORTH NG-CDF,Open Tender,Works,2026-10-13 10:00:00,2026-10-06,0,0,BARINGO NORTH NG-CDF OFFICE BOARDROOM,1000,60,34,KABARTONJO,cdfbaringonorth@ngcdf.go.ke,+254 724 669962,2025/2026,ocds-5whusi-307506-NG-CDF/SBPS/003/2026/2027,0,https://tenders.go.ke/storage/Documents/1791275113781-tender-advert-siboo-primary-school.pdf; https://tenders.go.ke/storage/Documents/1791283707520-tender-document-for-siboo-primry-school.pdf,4 days
307504,NG-CDF/KMPS/002/2026/2027,PROPOSED CONSTRUCTION OF 1 NO CLASSROOM TO COMPLETION AT KAIMOGOL PRIMARY SCHOOL,BARINGO NORTH NG-CDF,Open Tender,Works,2026-10-13 10:00:00,2026-10-06,0,0,BARINGO NORT NG-CDF OFFICE BOARDROOM,1000,60,34,KABARTONJO,cdfbaringonorth@ngcdf.go.ke,+254 724 669962,2025/2026,ocds-5whusi-307504-NG-CDF/KMPS/002/2026/2027,0,https://tenders.go.ke/storage/Documents/1791278035038-tender-advert-for-kaimogol-primary-school.pdf; https://tenders.go.ke/storage/Documents/1791278885545-tender-document-for-kaimogol-primary-school.pdf,4 days
307473,BGM/R/1/2025-2026,ROUTINE MAINTENANCE AND SPOT IMPROVEMENT OF CHETAMBE FOREST-NABUYOLE-LUKUSI (L1-WEBUYE) ROAD,COUNTY COMMISSIONER BUNGOMA,Open Tender,Works,2026-10-13 10:00:00,2026-10-05,0,0,BOARDROOM BUNGOMA COUNTY COMMISSIONER,0,120,18,BUNGOMA,namutilu2005@yahoo.com,0724277494,2025/2026,ocds-5whusi-307473-BGM/R/1/2025-2026,0,https://tenders.go.ke/storage/Documents/1791228973144-4tender-doc-for-chetambe-forest-nabuyole-lukusi-nabuyole-mkt-upper-hill-school-mahanga.pdf; https://tenders.go.ke/storage/Documents/1791228973202-advert-routine-maintenance-and-spot-improvement-of-chetambe-forest-nabuyole-lukusipdf.pdf,4 days
307380,.  CGN/NKRCB/ONT/036/2026-2027,Proposed Construction of  6 boda boda sheds within  Shabab  Ward WARD  NAKURU WEST SUB  COUNTY,Nakuru County Government,Open Tender,Works,2026-10-13 10:00:00,2026-10-02,0,0,"County Government of Nakuru  Moi Road, County Government  Headquarters, 1st Floor,",0,210,35,,supplychainnakuru@gmail.com,0512214142,2026/2027,ocds-5whusi-307380-.CGN/NKRCB/ONT/036/2026-2027,0,https://tenders.go.ke/storage/Documents/1790975805953-proposed-construction-of-6-boda-boda-sheds-within-shabab-ward-ward-nakuru-west-sub-cou.pdf; https://tenders.go.ke/storage/Documents/1790975805984-proposed-construction-of-6-boda-boda-sheds-within-shabab-ward-ward-nakuru-west-sub-cou.pdf,4 days
307379,CGN/NKRCB/ONT/035/2026-2027,Proposed Rehabilitation  and unclogging of  drainages within Shabab  Reserved  for Ward Nakuru west sub  county,Nakuru County Government,Open Tender,Works,2026-10-13 10:00:00,2026-10-02,0,0,"County Government of Nakuru  Moi Road, County Government  Headquarters, 1st Floor,",0,210,35,,supplychainnakuru@gmail.com,0512214142,2026/2027,ocds-5whusi-307379-CGN/NKRCB/ONT/035/2026-2027,0,https://tenders.go.ke/storage/Documents/1790975715332-proposed-rehabilitation-and-unclogging-of-drainages-within-shabab-reserved-for-ward-na.pdf; https://tenders.go.ke/storage/Documents/1790975715366-proposed-rehabilitation-and-unclogging-of-drainages-within-shabab-reserved-for-ward-na.pdf,4 days
307378,.  CGN/NKRCB/ONT/034/2026-2027,Proposed Construction of 4-door toilet and urinal at  Mwariki ECDE AND Construction of Motorbike Sheds (2) in Rhonda ward Nakuru west sub county,Nakuru County Government,Open Tender,Works,2026-10-13 10:00:00,2026-10-02,0,0,"County Government of Nakuru  Moi Road, County Government  Headquarters, 1st Floor,",0,210,35,,supplychainnakuru@gmail.com,0512214142,2026/2027,ocds-5whusi-307378-.CGN/NKRCB/ONT/034/2026-2027,0,https://tenders.go.ke/storage/Documents/1790975614339-proposed-construction-of-4-door-toilet-and-urinal-at-mwariki-ecde-and-construction-of-.pdf; https://tenders.go.ke/storage/Documents/1790975614371-proposed-construction-of-4-door-toilet-and-urinal-at-mwariki-ecde-and-construction-of-.pdf,4 days
307377,CGN/NKRCB/ONT/033/2026-2027,Proposed Conversion of  Mwariki VTC into a kitchen and dining hall plus equipping and renovation in Rhonda ward Nakuru west sub county,Nakuru County Government,Open Tender,Works,2026-10-13 10:00:00,2026-10-02,0,0,"County Government of Nakuru  Moi Road, County Government  Headquarters, 1st Floor,",0,210,35,,supplychainnakuru@gmail.com,0512214142,2026/2027,ocds-5whusi-307377-CGN/NKRCB/ONT/033/2026-2027,0,https://tenders.go.ke/storage/Documents/1790975532672-proposed-conversion-of-mwariki-vtc-into-a-kitchen-and-dining-hall-plus-equipping-and-r.pdf; https://tenders.go.ke/storage/Documents/1790975532715-proposed-conversion-of-mwariki-vtc-into-a-kitchen-and-dining-hall-plus-equipping-and-r.pdf,4 days
307376,CGN/NKRCB/ONT/032/2026-2027,"Proposed Supply, fabrication and installation of a Container Clinic London ward Nakuru west sub county",Nakuru County Government,Open Tender,Goods,2026-10-13 10:00:00,2026-10-02,0,0,"County Government of Nakuru  Moi Road, County Government  Headquarters, 1st Floor,",0,209,35,,supplychainnakuru@gmail.com,0512214142,2026/2027,ocds-5whusi-307376-CGN/NKRCB/ONT/032/2026-2027,0,https://tenders.go.ke/storage/Documents/1790975440825-proposed-supply-fabrication-and-installation-of-a-container-clinic-london-ward-nakuru-.pdf; https://tenders.go.ke/storage/Documents/1790975440863-proposed-supply-fabrication-and-installation-of-a-container-clinic-london-ward-nakuru-.pdf,4 days
307375,CGN/NKRCB/ONT/031/2026-2027,Proposed Construction  and rehabilitation of  existing Bodaboda Sheds  across London Ward  London ward Nakuru  west sub county,Nakuru County Government,Open Tender,Works,2026-10-13 10:00:00,2026-10-02,0,0,"County Government of Nakuru  Moi Road, County Government  Headquarters, 1st Floor,",0,210,35,,supplychainnakuru@gmail.com,0512214142,2026/2027,ocds-5whusi-307375-CGN/NKRCB/ONT/031/2026-2027,0,https://tenders.go.ke/storage/Documents/1790975310594-proposed-construction-and-rehabilitation-of-existing-bodaboda-sheds-across-london-ward.pdf; https://tenders.go.ke/storage/Documents/1790975310618-proposed-construction-and-rehabilitation-of-existing-bodaboda-sheds-across-london-ward.pdf,4 days
307374,CGN/NKRCB/ONT/030/2026-2027,Proposed Construction  of ECDE Toilets at  Prisons ECDE in Prisons  Primary ECDE in London  ward Nakuru west sub  county,Nakuru County Government,Open Tender,Works,2026-10-13 10:00:00,2026-10-02,0,0,"County Government of Nakuru  Moi Road, County Government  Headquarters, 1st Floor,",0,210,35,,supplychainnakuru@gmail.com,0512214142,2026/2027,ocds-5whusi-307374-CGN/NKRCB/ONT/030/2026-2027,0,https://tenders.go.ke/storage/Documents/1790975218265-proposed-construction-of-ecde-toilets-at-prisons-ecde-in-prisons-primary-ecde-in-londo.pdf; https://tenders.go.ke/storage/Documents/1790975218287-proposed-construction-of-ecde-toilets-at-prisons-ecde-in-prisons-primary-ecde-in-londo.pdf,4 days
307373,CGN/NKRCB/ONT/029/2026-2027,Proposed Installation of  terrazzo floor at Youth  Friendly centre within  Rhonda Clinic  Kaptwembwo ward  Nakuru west sub county,Nakuru County Government,Open Tender,Works,2026-10-13 10:00:00,2026-10-02,0,0,"County Government of Nakuru  Moi Road, County Government  Headquarters, 1st Floor,",0,210,35,,supplychainnakuru@gmail.com,0512214142,2026/2027,ocds-5whusi-307373-CGN/NKRCB/ONT/029/2026-2027,0,https://tenders.go.ke/storage/Documents/1790975124152-proposed-installation-of-terrazzo-floor-at-youth-friendly-centre-within-rhonda-clinic-.pdf; https://tenders.go.ke/storage/Documents/1790975124177-proposed-installation-of-terrazzo-floor-at-youth-friendly-centre-within-rhonda-clinic-.pdf,4 days
307371,CGN/NKRCB/ONT/028/2026-2027,Proposed Installation of  cabro paving and doing  drainage at Rhonda  Health Centre  Kaptwembwo ward  Nakuru west sub county,Nakuru County Government,Open Tender,Works,2026-10-13 10:00:00,2026-10-02,0,0,"County Government of Nakuru  Moi Road, County Government  Headquarters, 1st Floor,",0,210,35,,supplychainnakuru@gmail.com,0512214142,2026/2027,ocds-5whusi-307371-CGN/NKRCB/ONT/028/2026-2027,0,https://tenders.go.ke/storage/Documents/1790975007902-proposed-installation-of-cabro-paving-and-doing-drainage-at-rhonda-health-centre-kaptw.pdf; https://tenders.go.ke/storage/Documents/1790975007949-proposed-installation-of-cabro-paving-and-doing-drainage-at-rhonda-health-centre-kaptw.pdf,4 days
307370,CGN/NKRCB/ONT/027/2026-2027,Proposed Construction  of a 10-door and a urinal  ECDE toilet block at  Eleengochoch Primary  School Kaptwembwo  ward Nakuru west sub  county,Nakuru County Government,Open Tender,Works,2026-10-13 10:00:00,2026-10-02,0,0,"County Government of Nakuru  Moi Road, County Government  Headquarters, 1st Floor,",0,210,35,,supplychainnakuru@gmail.com,0512214142,2026/2027,ocds-5whusi-307370-CGN/NKRCB/ONT/027/2026-2027,0,https://tenders.go.ke/storage/Documents/1790974912335-proposed-construction-of-a-10-door-and-a-urinal-ecde-toilet-block-at-eleengochoch-prim.pdf; https://tenders.go.ke/storage/Documents/1790974912364-proposed-construction-of-a-10-door-and-a-urinal-ecde-toilet-block-at-eleengochoch-prim.pdf,4 days
307369,.  CGN/NKRCB/ONT/026/2026-2027,Proposed Construction  of a 10-door and a urinal  ECDE toilet block at  Heshima Primary School  Kaptwembwo ward  Nakuru west sub county,Nakuru County Government,Open Tender,Works,2026-10-13 10:00:00,2026-10-02,0,0,"County Government of Nakuru  Moi Road, County Government  Headquarters, 1st Floor,",0,210,35,,supplychainnakuru@gmail.com,0512214142,2026/2027,ocds-5whusi-307369-.CGN/NKRCB/ONT/026/2026-2027,0,https://tenders.go.ke/storage/Documents/1790974817312-proposed-construction-of-a-10-door-and-a-urinal-ecde-toilet-block-at-heshima-primary-s.pdf; https://tenders.go.ke/storage/Documents/1790974817335-proposed-construction-of-a-10-door-and-a-urinal-ecde-toilet-block-at-heshima-primary-s.pdf,4 days
307367,CGN/NKRCB/ONT/025/2026-2027,Proposed Installation of  a perimeter wall at  Kaptembwo Vocation  Training Centre  Kaptwembwo ward  Nakuru west sub county,Nakuru County Government,Open Tender,Works,2026-10-13 10:00:00,2026-10-02,0,0,"County Government of Nakuru  Moi Road, County Government  Headquarters, 1st Floor,",0,210,35,,supplychainnakuru@gmail.com,0512214142,2026/2027,ocds-5whusi-307367-CGN/NKRCB/ONT/025/2026-2027,0,https://tenders.go.ke/storage/Documents/1790974707557-proposed-installation-of-a-perimeter-wall-at-kaptembwo-vocation-training-centre-kaptwe.pdf; https://tenders.go.ke/storage/Documents/1790974707577-proposed-installation-of-a-perimeter-wall-at-kaptembwo-vocation-training-centre-kaptwe.pdf,4 days
307366,.  CGN/NKRCB/ONT/024/2026-2027,Proposed Renovation of  existing classrooms at  Kaptembwo Vocational  Training Centre in  Kaptwembwo ward  Nakuru west sub county,Nakuru County Government,Open Tender,Works,2026-10-13 10:00:00,2026-10-02,0,0,"County Government of Nakuru  Moi Road, County Government  Headquarters, 1st Floor,",0,210,35,,supplychainnakuru@gmail.com,0512214142,2026/2027,ocds-5whusi-307366-.CGN/NKRCB/ONT/024/2026-2027,0,https://tenders.go.ke/storage/Documents/1790974533069-proposed-renovation-of-existing-classrooms-at-kaptembwo-vocational-training-centre-in-.pdf; https://tenders.go.ke/storage/Documents/1790974533092-proposed-renovation-of-existing-classrooms-at-kaptembwo-vocational-training-centre-in-.pdf,4 days
307365,CGN/NKRCB/ONT/023/2026-202,"Proposed Installation of  7 Streetlights at Ingobor  Sub location (One Light  each at Glan Njoro, Kwa  Tom Bridge, Mundui  Junction, Ziwa Lodge  Junction, Isaac  Memorial, Jamia Estate  and Kwa Mike) kapkures  ward Nakuru west sub  county",Nakuru County Government,Open Tender,Works,2026-10-13 10:00:00,2026-10-02,0,0,"County Government of Nakuru  Moi Road, County Government  Headquarters, 1st Floor,",0,210,35,,supplychainnakuru@gmail.com,0512214142,2026/2027,ocds-5whusi-307365-CGN/NKRCB/ONT/023/2026-202,0,https://tenders.go.ke/storage/Documents/1790974440339-proposed-installation-of-7-streetlights-at-ingobor-sub-location-one-light-each-at-glan.pdf; https://tenders.go.ke/storage/Documents/1790974440374-proposed-installation-of-7-streetlights-at-ingobor-sub-location-one-light-each-at-glan.pdf,4 days
307364,CGN/NKRCB/ONT/022/202 6-2027,Proposed Construction  of toilets at Kapkures  Health Center and at  Mogoon Resource  Center kapkures ward  Nakuru west sub county,Nakuru County Government,Open Tender,Works,2026-10-13 10:00:00,2026-10-02,0,0,"County Government of Nakuru  Moi Road, County Government  Headquarters, 1st Floor,",0,210,35,,supplychainnakuru@gmail.com,0512214142,2026/2027,ocds-5whusi-307364-CGN/NKRCB/ONT/022/2026-2027,0,https://tenders.go.ke/storage/Documents/1790974359431-proposed-construction-of-toilets-at-kapkures-health-center-and-at-mogoon-resource-cent.pdf; https://tenders.go.ke/storage/Documents/1790974359470-proposed-construction-of-toilets-at-kapkures-health-center-and-at-mogoon-resource-cent.pdf,4 days
307363,CGN/NKRCB/ONT/021/2026-2027,Proposed Chain link fencing and gate installation at Lalwet ECDE playground Center kapkures ward Nakuru west sub county,Nakuru County Government,Open Tender,Works,2026-10-13 10:00:00,2026-10-02,0,0,"County Government of Nakuru  Moi Road, County Government  Headquarters, 1st Floor,",0,210,35,,supplychainnakuru@gmail.com,0512214142,2026/2027,ocds-5whusi-307363-CGN/NKRCB/ONT/021/2026-2027,0,https://tenders.go.ke/storage/Documents/1790974277817-proposed-chain-link-fencing-and-gate-installation-at-lalwet-ecde-playground-center-kap.pdf; https://tenders.go.ke/storage/Documents/1790974277846-proposed-chain-link-fencing-and-gate-installation-at-lalwet-ecde-playground-center-kap.pdf,4 days
307362,CGN/NKRCB/ONT/020/202 6-2027,Proposed Chain link fencing and gate installation at Kapkures  ECDE Center in kapkures  ward Nakuru west sub  county,Nakuru County Government,Open Tender,Works,2026-10-13 10:00:00,2026-10-02,0,0,"County Government of Nakuru  Moi Road, County Government  Headquarters, 1st Floor,",0,210,35,,supplychainnakuru@gmail.com,0512214142,2026/2027,ocds-5whusi-307362-CGN/NKRCB/ONT/020/2026-2027,0,https://tenders.go.ke/storage/Documents/1790974156798-proposed-chain-link-fencing-and-gate-installation-at-kapkures-ecde-center-in-kapkures-.pdf; https://tenders.go.ke/storage/Documents/1790974156829-proposed-chain-link-fencing-and-gate-installation-at-kapkures-ecde-center-in-kapkures-.pdf,4 days
307361,CGN/NKRCB/ONT/019/2026-202,Proposed Construction  of bodaboda sheds in  Barut ward Nakuru west  sub county,Nakuru County Government,Open Tender,Works,2026-10-13 10:00:00,2026-10-02,0,0,"County Government of Nakuru  Moi Road, County Government  Headquarters, 1st Floor,",0,210,35,,supplychainnakuru@gmail.com,0512214142,2026/2027,ocds-5whusi-307361-CGN/NKRCB/ONT/019/2026-202,0,https://tenders.go.ke/storage/Documents/1790974072032-proposed-construction-of-bodaboda-sheds-in-barut-ward-nakuru-west-sub-county.pdf; https://tenders.go.ke/storage/Documents/1790974072062-proposed-construction-of-bodaboda-sheds-in-barut-ward-nakuru-west-sub-county.pdf,4 days
307360,CGN/NKRCB/ONT/017/2026-2027,"Proposed Expansion of  maternity wing,  laboratory and  additional beds at Lanet  Level 3 Hospital Nakuru  East ward Nakuru East  sub county",Nakuru County Government,Open Tender,Works,2026-10-13 10:00:00,2026-10-02,0,0,"County Government of Nakuru  Moi Road, County Government  Headquarters, 1st Floor,",0,210,35,,supplychainnakuru@gmail.com,0512214142,2026/2027,ocds-5whusi-307360-CGN/NKRCB/ONT/017/2026-2027,0,https://tenders.go.ke/storage/Documents/1790973998564-proposed-expansion-of-maternity-wing-laboratory-and-additional-beds-at-lanet-level-3-h.pdf; https://tenders.go.ke/storage/Documents/1790973998588-proposed-expansion-of-maternity-wing-laboratory-and-additional-beds-at-lanet-level-3-h.pdf,4 days
307359,CGN/NKRCB/ONT/016/2026-2027,Proposed Installation of  streetlights across the  Ward Nakuru East ward  Nakuru East sub county,Nakuru County Government,Open Tender,Works,2026-10-13 10:00:00,2026-10-02,0,0,"County Government of Nakuru  Moi Road, County Government  Headquarters, 1st Floor,",0,210,35,,supplychainnakuru@gmail.com,0512214142,2026/2027,ocds-5whusi-307359-CGN/NKRCB/ONT/016/2026-2027,0,https://tenders.go.ke/storage/Documents/1790973922368-proposed-installation-of-streetlights-across-the-ward-nakuru-east-ward-nakuru-east-sub.pdf; https://tenders.go.ke/storage/Documents/1790973922390-proposed-installation-of-streetlights-across-the-ward-nakuru-east-ward-nakuru-east-sub.pdf,4 days
307358,.  CGN/NKRCB/ONT/015/2026-2027,"Proposed Construction  of Bodaboda Shed at  Free Area, at Mzee wa  Nyama and Extension of  market shed at Free Area  market Nakuru East  ward Nakuru East sub  county",Nakuru County Government,Open Tender,Works,2026-10-13 10:00:00,2026-10-02,0,0,"County Government of Nakuru  Moi Road, County Government  Headquarters, 1st Floor,",0,210,35,,supplychainnakuru@gmail.com,0512214142,2026/2027,ocds-5whusi-307358-.CGN/NKRCB/ONT/015/2026-2027,0,https://tenders.go.ke/storage/Documents/1790973850775-proposed-construction-of-bodaboda-shed-at-free-area-at-mzee-wa-nyama-and-extension-of-.pdf; https://tenders.go.ke/storage/Documents/1790973850807-proposed-construction-of-bodaboda-shed-at-free-area-at-mzee-wa-nyama-and-extension-of-.pdf,4 days
307357,CGN/NKRCB/ONT/014/2026-2027,Proposed Construction  of 4-door toilet at Rhino  & Nairobi Road ECDEs  Nakuru East ward  Nakuru East sub county,Nakuru County Government,Open Tender,Works,2026-10-13 10:00:00,2026-10-02,0,0,"County Government of Nakuru  Moi Road, County Government  Headquarters, 1st Floor,",0,210,35,,supplychainnakuru@gmail.com,0512214142,2026/2027,ocds-5whusi-307357-CGN/NKRCB/ONT/014/2026-2027,0,https://tenders.go.ke/storage/Documents/1790973772592-proposed-construction-of-4-door-toilet-at-rhino-nairobi-road-ecdes-nakuru-east-ward-na.pdf; https://tenders.go.ke/storage/Documents/1790973772632-proposed-construction-of-4-door-toilet-at-rhino-nairobi-road-ecdes-nakuru-east-ward-na.pdf,4 days
307356,CGN/NKRCB/ONT/013/2026-2027,Proposed renovation of  classroom and toilet at  Lion Hill ECDE and  Construction of 4-door  toilet at Madaraka ECDE  Nakuru East ward  Nakuru East sub county,Nakuru County Government,Open Tender,Works,2026-10-13 10:00:00,2026-10-02,0,0,"County Government of Nakuru  Moi Road, County Government  Headquarters, 1st Floor,",0,210,35,,supplychainnakuru@gmail.com,0512214142,2026/2027,ocds-5whusi-307356-CGN/NKRCB/ONT/013/2026-2027,0,https://tenders.go.ke/storage/Documents/1790973667537-proposed-renovation-of-classroom-and-toilet-at-lion-hill-ecde-and-construction-of-4-do.pdf; https://tenders.go.ke/storage/Documents/1790973667563-proposed-renovation-of-classroom-and-toilet-at-lion-hill-ecde-and-construction-of-4-do.pdf,4 days
307355,CGN/NKRCB/ONT/012/2026-2027,Proposed rehabilitation  and maintenance of  drainages including bush  clearing across Menengai  Ward Nakuru East sub  county,Nakuru County Government,Open Tender,Works,2026-10-13 10:00:00,2026-10-02,0,0,"County Government of Nakuru  Moi Road, County Government  Headquarters, 1st Floor,",0,210,35,,supplychainnakuru@gmail.com,0512214142,2026/2027,ocds-5whusi-307355-CGN/NKRCB/ONT/012/2026-2027,0,https://tenders.go.ke/storage/Documents/1790973454404-proposed-rehabilitation-and-maintenance-of-drainages-including-bush-clearing-across-me.pdf; https://tenders.go.ke/storage/Documents/1790973456836-proposed-rehabilitation-and-maintenance-of-drainages-including-bush-clearing-across-me.pdf,4 days
307354,CGN/NKRCB/ONT/011/2026-2027,Proposed Maintenance  of Streetlights across  Menengai Ward Nakuru  East sub county,Nakuru County Government,Open Tender,Works,2026-10-13 10:00:00,2026-10-02,0,0,"County Government of Nakuru  Moi Road, County Government  Headquarters, 1st Floor,",0,210,35,,supplychainnakuru@gmail.com,0512214142,2026/2027,ocds-5whusi-307354-CGN/NKRCB/ONT/011/2026-2027,0,https://tenders.go.ke/storage/Documents/1790973377885-proposed-maintenance-of-streetlights-across-menengai-ward-nakuru-east-sub-county.pdf; https://tenders.go.ke/storage/Documents/1790973377917-proposed-maintenance-of-streetlights-across-menengai-ward-nakuru-east-sub-county.pdf,4 days
307353,CGN/NKRCB/ONT/010/2026-2027,Proposed Installation of  back-up power system  (solar) at Menengai  Dispensary menegai  ward Nakuru east sub  county,Nakuru County Government,Open Tender,Works,2026-10-13 10:00:00,2026-10-02,0,0,"County Government of Nakuru  Moi Road, County Government  Headquarters, 1st Floor,",0,210,35,,supplychainnakuru@gmail.com,0512214142,2026/2027,ocds-5whusi-307353-CGN/NKRCB/ONT/010/2026-2027,0,https://tenders.go.ke/storage/Documents/1790973199567-proposed-installation-of-back-up-power-system-solar-at-menengai-dispensary-menegai-war.pdf; https://tenders.go.ke/storage/Documents/1790973199592-proposed-installation-of-back-up-power-system-solar-at-menengai-dispensary-menegai-war.pdf,4 days
307352,CGN/NKRCB/ONT/009/2026-2027,Proposed Construction  of modern toilets for  ECDE at Nakuru  Teachers School menegai  ward Nakuru east sub  county,Nakuru County Government,Open Tender,Works,2026-10-13 10:00:00,2026-10-02,0,0,"County Government of Nakuru  Moi Road, County Government  Headquarters, 1st Floor,",0,210,35,,supplychainnakuru@gmail.com,0512214142,2026/2027,ocds-5whusi-307352-CGN/NKRCB/ONT/009/2026-2027,0,https://tenders.go.ke/storage/Documents/1790973070940-county-government-of-nakuru-moi-road-county-government-headquarters-1st-floor.pdf; https://tenders.go.ke/storage/Documents/1790973070962-county-government-of-nakuru-moi-road-county-government-headquarters-1st-floor.pdf,4 days
307351,CGN/NKRCB/ONT/008/2026-2027,Proposed Construction  of 3 Bodaboda sheds  and renovation of  existing sheds within  Kivumbini Ward,Nakuru County Government,Open Tender,Works,2026-10-13 10:00:00,2026-10-02,0,0,"County Government of Nakuru  Moi Road, County Government  Headquarters, 1st Floor,",0,210,35,,supplychainnakuru@gmail.com,0512214142,2026/2027,ocds-5whusi-307351-CGN/NKRCB/ONT/008/2026-2027,0,https://tenders.go.ke/storage/Documents/1790972965778-proposed-construction-of-3-bodaboda-sheds-and-renovation-of-existing-sheds-within-kivu.pdf; https://tenders.go.ke/storage/Documents/1790972965797-proposed-construction-of-3-bodaboda-sheds-and-renovation-of-existing-sheds-within-kivu.pdf,4 days
307350,CGN/NKRCB/ONT/007/2026-2027,Proposed Maintenance  of streetlights across  Kivumbini Ward Nakuru  East Sub county,Nakuru County Government,Open Tender,Works,2026-10-13 10:00:00,2026-10-02,0,0,"County Government of Nakuru  Moi Road, County Government  Headquarters, 1st Floor,",0,210,35,,supplychainnakuru@gmail.com,0512214142,2026/2027,ocds-5whusi-307350-CGN/NKRCB/ONT/007/2026-2027,0,https://tenders.go.ke/storage/Documents/1790972866053-proposed-maintenance-of-streetlights-across-kivumbini-ward-nakuru-east-sub-county.pdf; https://tenders.go.ke/storage/Documents/1790972866073-proposed-maintenance-of-streetlights-across-kivumbini-ward-nakuru-east-sub-county.pdf,4 days
307349,CGN/NKRCB/ONT/006/202 6-2027,Proposed re-roofing of  Flamingo Estate County  Government houses in  flamingo ward Nakuru  East Sub county,Nakuru County Government,Open Tender,Works,2026-10-13 10:00:00,2026-10-02,0,0,"County Government of Nakuru  Moi Road, County Government  Headquarters, 1st Floor,",0,210,35,,supplychainnakuru@gmail.com,0512214142,2026/2027,ocds-5whusi-307349-CGN/NKRCB/ONT/006/2026-2027,0,https://tenders.go.ke/storage/Documents/1790972754658-proposed-re-roofing-of-flamingo-estate-county-government-houses-in-flamingo-ward-nakur.pdf; https://tenders.go.ke/storage/Documents/1790972754691-proposed-re-roofing-of-flamingo-estate-county-government-houses-in-flamingo-ward-nakur.pdf,4 days
307348,CGN/NKRCB/ONT/005/2026-2027,Proposed Maintenance  of streetlights across  Flamingo Ward,Nakuru County Government,Open Tender,Works,2026-10-13 10:00:00,2026-10-02,0,0,"County Government of Nakuru  Moi Road, County Government  Headquarters, 1st Floor,",0,210,35,,supplychainnakuru@gmail.com,0512214142,2026/2027,ocds-5whusi-307348-CGN/NKRCB/ONT/005/2026-2027,0,https://tenders.go.ke/storage/Documents/1790972638105-proposed-maintenance-of-streetlights-across-flamingo-ward.pdf; https://tenders.go.ke/storage/Documents/1790972638138-proposed-maintenance-of-streetlights-across-flamingo-ward.pdf,4 days
307347,CGN/NKRCB/ONT/004/2026-2027,Proposed cleaning and  maintenance of  draingages across  flamingo ward Nakuru  East Sub County,Nakuru County Government,Open Tender,Works,2026-10-13 10:00:00,2026-10-02,0,0,"County Government of Nakuru  Moi Road, County Government  Headquarters, 1st Floor,",0,210,35,,supplychainnakuru@gmail.com,0512214142,2026/2027,ocds-5whusi-307347-CGN/NKRCB/ONT/004/2026-2027,0,https://tenders.go.ke/storage/Documents/1790972488530-proposed-cleaning-and-maintenance-of-draingages-across-flamingo-ward-nakuru-east-sub-c.pdf; https://tenders.go.ke/storage/Documents/1790972488560-proposed-cleaning-and-maintenance-of-draingages-across-flamingo-ward-nakuru-east-sub-c.pdf,4 days
307346,CGN/NKRCB/ONT/003/2026-2027,Proposed Installation of  fisher boards at  Lumumba Estate AND  Completion of  installation shutter doors  at Nasher Market  Biashara ward Nakuru  East Sub County,Nakuru County Government,Open Tender,Works,2026-10-13 10:00:00,2026-10-02,0,0,"County Government of Nakuru  Moi Road, County Government  Headquarters, 1st Floor,",0,210,35,,supplychainnakuru@gmail.com,0512214142,2026/2027,ocds-5whusi-307346-CGN/NKRCB/ONT/003/2026-2027,0,https://tenders.go.ke/storage/Documents/1790972386460-proposed-installation-of-fisher-boards-at-lumumba-estate-and-completion-of-installatio.pdf; https://tenders.go.ke/storage/Documents/1790972386497-proposed-installation-of-fisher-boards-at-lumumba-estate-and-completion-of-installatio.pdf,4 days
307345,CGN/NKRCB/ONT/002/2026-2027,Proposed Construction  of a modern kitchen at  Crater ECDE Biashara  ward Nakuru East Sub  County,Nakuru County Government,Open Tender,Works,2026-10-13 10:00:00,2026-10-02,0,0,"County Government of Nakuru  Moi Road, County Government  Headquarters, 1st Floor,",0,210,35,,supplychainnakuru@gmail.com,0512214142,2026/2027,ocds-5whusi-307345-CGN/NKRCB/ONT/002/2026-2027,0,https://tenders.go.ke/storage/Documents/1790972284108-proposed-construction-of-a-modern-kitchen-at-crater-ecde-biashara-ward-nakuru-east-sub.pdf; https://tenders.go.ke/storage/Documents/1790972284131-proposed-construction-of-a-modern-kitchen-at-crater-ecde-biashara-ward-nakuru-east-sub.pdf,4 days
307344,CGN/NKRCB/ONT/001/2026-2027,Proposed construction of 4- door ecde toilet and urinal at Umoja primary school and construction and equipping of Ecde classroom at Harambee khalsa primary school in Biashara ward Nakuru East Sub County,Nakuru County Government,Open Tender,Works,2026-10-13 10:00:00,2026-10-02,0,0,"County Government of Nakuru  Moi Road, County Government  Headquarters, 1st Floor,",0,210,35,,supplychainnakuru@gmail.com,0512214142,2026/2027,ocds-5whusi-307344-CGN/NKRCB/ONT/001/2026-2027,0,https://tenders.go.ke/storage/Documents/1790972020440-proposed-construction-of-4-door-ecde-toilet-and-urinal-at-umoja-primary-school-and-con.pdf; https://tenders.go.ke/storage/Documents/1790972020482-proposed-construction-of-4-door-ecde-toilet-and-urinal-at-umoja-primary-school-and-con.pdf,4 days
307341,CGN/MMB/ONT/018/2026-2027,"Tender for the Proposed  Construction and  equipping of Tabora ECDE  classroom Kamara Ward,  Kuresoi North Sub county",Nakuru County Government,Open Tender,Works,2026-10-13 10:00:00,2026-10-02,0,0,"County Government of Nakuru  Moi Road, County Government  Headquarters, 1st Floor,",0,210,35,,supplychainnakuru@gmail.com,0512214142,2026/2027,ocds-5whusi-307341-CGN/MMB/ONT/018/2026-2027,0,https://tenders.go.ke/storage/Documents/1790962519747-tender-for-the-proposed-construction-and-equipping-of-tabora-ecde-classroom-kamara-war.pdf; https://tenders.go.ke/storage/Documents/1790962519775-tender-for-the-proposed-construction-and-equipping-of-tabora-ecde-classroom-kamara-war.pdf,4 days
307340,CGN/MMB/ONT/017/2026-2027,"Tender for the Proposed  Fencing Turi farmers water  Turi Ward, Molo Sub  county.",Nakuru County Government,Open Tender,Works,2026-10-13 10:00:00,2026-10-02,0,0,"County Government of Nakuru  Moi Road, County Government  Headquarters, 1st Floor,",0,210,35,,supplychainnakuru@gmail.com,0512214142,2026/2027,ocds-5whusi-307340-CGN/MMB/ONT/017/2026-2027,0,https://tenders.go.ke/storage/Documents/1790962451590-tender-for-the-proposed-fencing-turi-farmers-water-turi-ward-molo-sub-county.pdf; https://tenders.go.ke/storage/Documents/1790962451626-tender-for-the-proposed-fencing-turi-farmers-water-turi-ward-molo-sub-county.pdf,4 days
307339,CGN/MMB/ONT/016/2026-2027,"Tender for the Proposed  Completion of construction  of Total Health centre  Laboratory Kamara Ward,  Kuresoi North Sub county",Nakuru County Government,Open Tender,Works,2026-10-13 10:00:00,2026-10-02,0,0,"County Government of Nakuru  Moi Road, County Government  Headquarters, 1st Floor,",0,210,35,,supplychainnakuru@gmail.com,0512214142,2026/2027,ocds-5whusi-307339-CGN/MMB/ONT/016/2026-2027,0,https://tenders.go.ke/storage/Documents/1790962386853-tender-for-the-proposed-completion-of-construction-of-total-health-centre-laboratory-k.pdf; https://tenders.go.ke/storage/Documents/1790962386871-tender-for-the-proposed-completion-of-construction-of-total-health-centre-laboratory-k.pdf,4 days
307338,CGN/MMB/ONT/015/2026-2027,"Tender for the Proposed  Construction of Chandera  Polytechnic toilet Molo  Ward, Molo Sub County.",Nakuru County Government,Open Tender,Works,2026-10-13 10:00:00,2026-10-02,0,0,"County Government of Nakuru  Moi Road, County Government  Headquarters, 1st Floor,",0,210,35,,supplychainnakuru@gmail.com,0512214142,2026/2027,ocds-5whusi-307338-CGN/MMB/ONT/015/2026-2027,0,https://tenders.go.ke/storage/Documents/1790962314335-tender-for-the-proposed-construction-of-chandera-polytechnic-toilet-molo-ward-molo-sub.pdf; https://tenders.go.ke/storage/Documents/1790962314360-tender-for-the-proposed-construction-of-chandera-polytechnic-toilet-molo-ward-molo-sub.pdf,4 days
307337,CGN/MMB/ONT/014/2026-2027,"Tender for the proposed  Fencing of Ngwatanero  ECDE Turi Ward, Molo Sub  County.",Nakuru County Government,Open Tender,Works,2026-10-13 10:00:00,2026-10-02,0,0,"County Government of Nakuru  Moi Road, County Government  Headquarters, 1st Floor,",0,210,35,,supplychainnakuru@gmail.com,0512214142,2026/2027,ocds-5whusi-307337-CGN/MMB/ONT/014/2026-2027,0,https://tenders.go.ke/storage/Documents/1790962245585-tender-for-the-proposed-fencing-of-ngwatanero-ecde-turi-ward-molo-sub-county.pdf; https://tenders.go.ke/storage/Documents/1790962245615-tender-for-the-proposed-fencing-of-ngwatanero-ecde-turi-ward-molo-sub-county.pdf,4 days
307336,CGN/MMB/ONT/013/2026-2027,"Tender for the Proposed  Construction and  equipping of ECDE  classroom in Michatha Turi  Ward, Molo Sub county.",Nakuru County Government,Open Tender,Works,2026-10-13 10:00:00,2026-10-02,0,0,"County Government of Nakuru  Moi Road, County Government  Headquarters, 1st Floor,",0,210,35,,supplychainnakuru@gmail.com,0512214142,2026/2027,ocds-5whusi-307336-CGN/MMB/ONT/013/2026-2027,0,https://tenders.go.ke/storage/Documents/1790962181504-tender-for-the-proposed-construction-and-equipping-of-ecde-classroom-in-michatha-turi-.pdf; https://tenders.go.ke/storage/Documents/1790962181518-tender-for-the-proposed-construction-and-equipping-of-ecde-classroom-in-michatha-turi-.pdf,4 days
307335,CGN/MMB/ONT/012/2026-2027,"Tender for the Proposed  Construction and  equipping of Mona  Michatha ECDE classroom  Turi Ward ,Molo Sub  county.",Nakuru County Government,Open Tender,Works,2026-10-13 10:00:00,2026-10-02,0,0,"County Government of Nakuru  Moi Road, County Government  Headquarters, 1st Floor,",0,210,35,,supplychainnakuru@gmail.com,0512214142,2026/2027,ocds-5whusi-307335-CGN/MMB/ONT/012/2026-2027,0,https://tenders.go.ke/storage/Documents/1790962112016-tender-for-the-proposed-construction-and-equipping-of-mona-michatha-ecde-classroom-tur.pdf; https://tenders.go.ke/storage/Documents/1790962112031-tender-for-the-proposed-construction-and-equipping-of-mona-michatha-ecde-classroom-tur.pdf,4 days
307334,CGN/MMB/ONT/011/2026-2027,"Tender for the Proposed  Construction of a 4-door at  Kivulini ECDE and Tayari  ECDE toilet and urinals  Molo Ward ,Molo Sub  county.",Nakuru County Government,Open Tender,Works,2026-10-13 10:00:00,2026-10-02,0,0,"County Government of Nakuru  Moi Road, County Government  Headquarters, 1st Floor,",0,210,35,,supplychainnakuru@gmail.com,0512214142,2026/2027,ocds-5whusi-307334-CGN/MMB/ONT/011/2026-2027,0,https://tenders.go.ke/storage/Documents/1790962043247-tender-for-the-proposed-construction-of-a-4-door-at-kivulini-ecde-and-tayari-ecde-toil.pdf; https://tenders.go.ke/storage/Documents/1790962043261-tender-for-the-proposed-construction-of-a-4-door-at-kivulini-ecde-and-tayari-ecde-toil.pdf,4 days
307333,CGN/MMB/ONT/010/2026-2027,"Tender for the Proposed  Completion and  operationalization of  Tayari dispensary Molo  Ward ,Molo Sub county.",Nakuru County Government,Open Tender,Works,2026-10-13 10:00:00,2026-10-02,0,0,"County Government of Nakuru  Moi Road, County Government  Headquarters, 1st Floor,",0,210,35,,supplychainnakuru@gmail.com,0512214142,2026/2027,ocds-5whusi-307333-CGN/MMB/ONT/010/2026-2027,0,https://tenders.go.ke/storage/Documents/1790961966953-tender-for-the-proposed-completion-and-operationalization-of-tayari-dispensary-molo-wa.pdf; https://tenders.go.ke/storage/Documents/1790961966964-tender-for-the-proposed-completion-and-operationalization-of-tayari-dispensary-molo-wa.pdf,4 days
307332,CGN/MMB/ONT/009/2026-2027,"Tender for the Proposed  Construction of sanitary  facility at Gacharage  Aggregation Store Sirikwa  Ward, Kuresoi North Sub  county",Nakuru County Government,Open Tender,Works,2026-10-13 10:00:00,2026-10-02,0,0,"County Government of Nakuru  Moi Road, County Government  Headquarters, 1st Floor,",0,210,35,,supplychainnakuru@gmail.com,0512214142,2026/2027,ocds-5whusi-307332-CGN/MMB/ONT/009/2026-2027,0,https://tenders.go.ke/storage/Documents/1790961902870-tender-for-the-proposed-construction-of-sanitary-facility-at-gacharage-aggregation-sto.pdf; https://tenders.go.ke/storage/Documents/1790961902884-tender-for-the-proposed-construction-of-sanitary-facility-at-gacharage-aggregation-sto.pdf,4 days
307331,CGN/MMB/ONT/008/2026-2027,"Tender for the Proposed  Renovation of Sirikwa  Health Centre renovation  Sirikwa Ward, Kuresoi  North Sub county",Nakuru County Government,Open Tender,Works,2026-10-13 10:00:00,2026-10-02,0,0,"County Government of Nakuru  Moi Road, County Government  Headquarters, 1st Floor,",0,210,35,,supplychainnakuru@gmail.com,0512214142,2026/2027,ocds-5whusi-307331-CGN/MMB/ONT/008/2026-2027,0,https://tenders.go.ke/storage/Documents/1790961823750-tender-for-the-proposed-renovation-of-sirikwa-health-centre-renovation-sirikwa-ward-ku.pdf; https://tenders.go.ke/storage/Documents/1790961823760-tender-for-the-proposed-renovation-of-sirikwa-health-centre-renovation-sirikwa-ward-ku.pdf,4 days
307330,CGN/MMB/ONT/007/2026-2027,"Tender for the Proposed  Construction and  Equipping of Kadenye Ecde  Classroom Sirikwa Ward,  Kuresoi North Sub county.",Nakuru County Government,Open Tender,Works,2026-10-13 10:00:00,2026-10-02,0,0,"County Government of Nakuru  Moi Road, County Government  Headquarters, 1st Floor,",0,210,35,,supplychainnakuru@gmail.com,0512214142,2026/2027,ocds-5whusi-307330-CGN/MMB/ONT/007/2026-2027,0,https://tenders.go.ke/storage/Documents/1790961752458-tender-for-the-proposed-construction-and-equipping-of-kadenye-ecde-classroom-sirikwa-w.pdf; https://tenders.go.ke/storage/Documents/1790961752469-tender-for-the-proposed-construction-and-equipping-of-kadenye-ecde-classroom-sirikwa-w.pdf,4 days
307329,CGN/MMB/ONT/006/2026-2027,"Tender for the Proposed  Construction and  equipping of Mlima &  Sigowet ECDE classroom  Kamara Ward, Kuresoi  North Sub county.",Nakuru County Government,Open Tender,Works,2026-10-13 10:00:00,2026-10-02,0,0,"County Government of Nakuru  Moi Road, County Government  Headquarters, 1st Floor,",0,210,35,,supplychainnakuru@gmail.com,0512214142,2026/2027,ocds-5whusi-307329-CGN/MMB/ONT/006/2026-2027,0,https://tenders.go.ke/storage/Documents/1790961675910-tender-for-the-proposed-construction-and-equipping-of-mlima-sigowet-ecde-classroom-kam.pdf; https://tenders.go.ke/storage/Documents/1790961675929-tender-for-the-proposed-construction-and-equipping-of-mlima-sigowet-ecde-classroom-kam.pdf,4 days
307328,CGN/MMB/ONT/005/2026-2027,"Tender for the Proposed  Construction and  Equipping of Bygum ECDE  classroom Sirikwa Ward,  Kuresoi North Sub county.",Nakuru County Government,Open Tender,Works,2026-10-13 10:00:00,2026-10-02,0,0,"County Government of Nakuru  Moi Road, County Government  Headquarters, 1st Floor,",0,210,35,,supplychainnakuru@gmail.com,0512214142,2026/2027,ocds-5whusi-307328-CGN/MMB/ONT/005/2026-2027,0,https://tenders.go.ke/storage/Documents/1790961605310-tender-for-the-proposed-construction-and-equipping-of-bygum-ecde-classroom-sirikwa-war.pdf; https://tenders.go.ke/storage/Documents/1790961605351-tender-for-the-proposed-construction-and-equipping-of-bygum-ecde-classroom-sirikwa-war.pdf,4 days
307327,CGN/MMB/ONT/004/2026-2027,"Tender for the Proposed  Construction of one  classroom at Molo  Vocational Centre Molo  Ward, Molo Sub county.",Nakuru County Government,Open Tender,Works,2026-10-13 10:00:00,2026-10-02,0,0,"County Government of Nakuru  Moi Road, County Government  Headquarters, 1st Floor,",0,210,35,,supplychainnakuru@gmail.com,0512214142,2026/2027,ocds-5whusi-307327-CGN/MMB/ONT/004/2026-2027,0,https://tenders.go.ke/storage/Documents/1790961542293-tender-for-the-proposed-construction-of-one-classroom-at-molo-vocational-centre-molo-w.pdf; https://tenders.go.ke/storage/Documents/1790961542323-tender-for-the-proposed-construction-of-one-classroom-at-molo-vocational-centre-molo-w.pdf,4 days
307326,CGN/MMB/ONT/003/2026-2027,"Tender for the Proposed  Construction of Kimugul,  Haraka, and Kipsenende  Ecde toilets Kamara Ward,  Kuresoi North Sub county",Nakuru County Government,Open Tender,Works,2026-10-13 10:00:00,2026-10-02,0,0,"County Government of Nakuru  Moi Road, County Government  Headquarters, 1st Floor,",0,210,35,,supplychainnakuru@gmail.com,0512214142,2026/2027,ocds-5whusi-307326-CGN/MMB/ONT/003/2026-2027,0,https://tenders.go.ke/storage/Documents/1790961469245-tender-for-the-proposed-construction-of-kimugul-haraka-and-kipsenende-ecde-toilets-kam.pdf; https://tenders.go.ke/storage/Documents/1790961469274-tender-for-the-proposed-construction-of-kimugul-haraka-and-kipsenende-ecde-toilets-kam.pdf,4 days
307325,CGN/MMB/ONT/002/2026-2027,"Tender for the Proposed  Construction and  equipping of Kiptenden &  Mongina ECDE classroom  Kamara Ward, Kuresoi  North Sub county.",Nakuru County Government,Open Tender,Works,2026-10-13 10:00:00,2026-10-02,0,0,"County Government of Nakuru  Moi Road, County Government  Headquarters, 1st Floor,",0,210,35,,supplychainnakuru@gmail.com,0512214142,2026/2027,ocds-5whusi-307325-CGN/MMB/ONT/002/2026-2027,0,https://tenders.go.ke/storage/Documents/1790961406867-tender-for-the-proposed-construction-and-equipping-of-kiptenden-mongina-ecde-classroom.pdf; https://tenders.go.ke/storage/Documents/1790961406907-tender-for-the-proposed-construction-and-equipping-of-kiptenden-mongina-ecde-classroom.pdf,4 days
307324,CGN/MMB/ONT/001/2026-2027,"Tender for the proposed  Construction of a 4-door  toilet at Barit ECDE Molo  Ward, Molo Sub county.",Nakuru County Government,Open Tender,Works,2026-10-13 10:00:00,2026-10-02,0,0,"County Government of Nakuru  Moi Road, County Government  Headquarters, 1st Floor,",0,210,35,,supplychainnakuru@gmail.com,0512214142,2026/2027,ocds-5whusi-307324-CGN/MMB/ONT/001/2026-2027,0,https://tenders.go.ke/storage/Documents/1790961336179-tender-for-the-proposed-construction-of-a-4-door-toilet-at-barit-ecde-molo-ward-molo-s.pdf; https://tenders.go.ke/storage/Documents/1790961336212-tender-for-the-proposed-construction-of-a-4-door-toilet-at-barit-ecde-molo-ward-molo-s.pdf,4 days
307322,CGN/PSTD/KDSP11/RFP/001/2026-2027,"Request for proposals for consultancy services to undertake environmental and social impact assessment (ESIA) for the proposed construction and equipping of three (3) 18 bed maternity blocks at  Kabatini, Eburru and  Sirikwa and environmental and social screening for acquisition of five (5) ACLS ambulances under Nakuru County KDSP II Level II  Grant",Nakuru County Government,Request for Proposals,Consultancy Services,2026-10-13 10:00:00,2026-10-02,0,0,County Government 0f Nakuru  County Government of Nakuru Old Chambers Room Located at First Floor of The County  Government of Headquarters.,0,210,35,,supplychainnakuru@gmail.com,0512214142,2026/2027,ocds-5whusi-307322-CGN/PSTD/KDSP11/RFP/001/2026-2027,0,https://tenders.go.ke/storage/Documents/1790954939589-cgnpstdkdsp11rfp0012026-2027.pdf; https://tenders.go.ke/storage/Documents/1790954939633-cgnpstdkdsp11rfp0012026-2027.pdf,4 days
307321,CGN/PSTD/ONT/003/2026-2027,"Tender the for supply,  delivery, installation and  commissioning of Air  Conditioner",Nakuru County Government,Open Tender,Goods,2026-10-13 10:00:00,2026-10-02,0,0,"County Government of Nakuru  Moi Road, County Government  Headquarters, 1st Floor,",0,210,35,,supplychainnakuru@gmail.com,0512214142,2026/2027,ocds-5whusi-307321-CGN/PSTD/ONT/003/2026-2027,0,https://tenders.go.ke/storage/Documents/1790952918298-tender-the-for-supply-delivery-installation-and-commissioning-of-air-conditioner.pdf; https://tenders.go.ke/storage/Documents/1790952918333-tender-the-for-supply-delivery-installation-and-commissioning-of-air-conditioner.pdf,4 days
307320,CGN/PSTD/ONT/002/2026-202,"Tender for the supply, delivery, installation and commissioning of Biometric Kits.",Nakuru County Government,Open Tender,Goods,2026-10-13 10:00:00,2026-10-02,0,0,"County Government of Nakuru  Moi Road, County Government Headquarters, 1st Floor,",0,210,35,,supplychainnakuru@gmail.com,0512214142,2026/2027,ocds-5whusi-307320-CGN/PSTD/ONT/002/2026-202,0,https://tenders.go.ke/storage/Documents/1790952847647-tender-for-the-supply-delivery-installation-and-commissioning-of-biometric-kits.pdf; https://tenders.go.ke/storage/Documents/1790952847674-tender-for-the-supply-delivery-installation-and-commissioning-of-biometric-kits.pdf,4 days
307319,CGN/PSTD/ONT/001/2026 2027,"Tender for the proposed  completion of sanitation  block at the  administration office in  Solai Ward, Rongai Sub County.",Nakuru County Government,Open Tender,Works,2026-10-13 10:00:00,2026-10-02,0,0,"County Government of Nakuru  Moi Road, County Government  Headquarters, 1st Floor,",0,210,35,,supplychainnakuru@gmail.com,0512214142,2026/2027,ocds-5whusi-307319-CGN/PSTD/ONT/001/20262027,0,https://tenders.go.ke/storage/Documents/1790952762595-tender-for-the-proposed-completion-of-sanitation-block-at-the-administration-office-in.pdf; https://tenders.go.ke/storage/Documents/1790952762647-tender-for-the-proposed-completion-of-sanitation-block-at-the-administration-office-in.pdf,4 days
307299,TIRET/NG-CDF/01/2025/2026,ERECTION AND COMPLETION OF 4NO CLASSROOMS AT AIC TIRET PRIMARY SCHOOL,NG-CDF TURBO,Open Tender,Works,2026-10-13 10:00:00,2026-10-02,0,0,AIC TIRET BOARDROOM,0,177,29,ELDORET,cdfturbo@ngcdf.go.ke,+254 0720905587,2025/2026,ocds-5whusi-307299-TIRET/NG-CDF/01/2025/2026,0,https://tenders.go.ke/storage/Documents/1790942257629-tender-document-boq.pdf; https://tenders.go.ke/storage/Documents/1790942257661-advertisement.pdf,4 days
307287,2405564-2026-2027,PURCHASE OF GRAVEL FOR COUNTY ROAD MAINTENANCE AND REHABILITATION,Kisii County Government,Open Tender,Works,2026-10-13 10:00:00,2026-10-02,0,0,"COUNTY TREASURY, BLOCK A ROOM NO 2 ( PROCUREMENT POOL)",0,140,24,,procurement@kisii.go.ke,+254701568734,2026/2027,ocds-5whusi-307287-2405564-2026-2027,0,https://tenders.go.ke/storage/Documents/1790938320545-purchase-of-gravel-for-county-road-maintenance-and-rehabilitation.pdf,4 days
307282,CGN/MOH/ONT/022/2026-2027,"Supply, delivery, installation, testing and commissioning of 6 bodies stainless steel mortuary freezer and embalming unit",Nakuru County Government,Open Tender,Goods,2026-10-13 10:00:00,2026-10-02,0,0,"County Government of Nakuru  Moi Road, County Government  Headquarters, 1st Floor,",0,210,35,,supplychainnakuru@gmail.com,0512214142,2026/2027,ocds-5whusi-307282-CGN/MOH/ONT/022/2026-2027,0,https://tenders.go.ke/storage/Documents/1790937176587-supply-delivery-installation-testing-and-commissioning-of-6-bodies-stainless-steel-mor.pdf; https://tenders.go.ke/storage/Documents/1790937176618-supply-delivery-installation-testing-and-commissioning-of-6-bodies-stainless-steel-mor.pdf,4 days
307280,CGN/MOH/ONT/021/2026-2027,Proposed construction of toilet and urinal at Kirima dispensary in Kabazi ward Subukia  Sub-County,Nakuru County Government,Open Tender,Works,2026-10-13 10:00:00,2026-10-02,0,0,"County Government of Nakuru  Moi Road, County Government  Headquarters, 1st Floor,",0,210,35,,supplychainnakuru@gmail.com,0512214142,2026/2027,ocds-5whusi-307280-CGN/MOH/ONT/021/2026-2027,0,https://tenders.go.ke/storage/Documents/1790937024591-proposed-construction-of-toilet-and-urinal-at-kirima-dispensary-in-kabazi-ward-subukia.pdf; https://tenders.go.ke/storage/Documents/1790937024612-proposed-construction-of-toilet-and-urinal-at-kirima-dispensary-in-kabazi-ward-subukia.pdf,4 days
307279,CGN/MOH/ONT/020/2026-2027,"Proposed construction of a 3-door toilet with urinal at Mireroni  Dispensary in Subukia  Ward, Subukia Sub County",Nakuru County Government,Open Tender,Works,2026-10-13 10:00:00,2026-10-02,0,0,"County Government of Nakuru  Moi Road, County Government  Headquarters, 1st Floor,",0,210,35,,supplychainnakuru@gmail.com,0512214142,2026/2027,ocds-5whusi-307279-CGN/MOH/ONT/020/2026-2027,0,https://tenders.go.ke/storage/Documents/1790936923094-proposed-construction-of-a-3-door-toilet-with-urinal-at-mireroni-dispensary-in-subukia.pdf; https://tenders.go.ke/storage/Documents/1790936923127-proposed-construction-of-a-3-door-toilet-with-urinal-at-mireroni-dispensary-in-subukia.pdf,4 days
307278,CGN/MOH/ONT/019/2026-2027,"Proposed completion of  chain-link fencing at  Lomolo B dispensary in  Soin Ward, Rongai Sub County.",Nakuru County Government,Open Tender,Works,2026-10-13 10:00:00,2026-10-02,0,0,"County Government of Nakuru  Moi Road, County Government  Headquarters, 1st Floor,",0,210,35,,supplychainnakuru@gmail.com,0512214142,2026/2027,ocds-5whusi-307278-CGN/MOH/ONT/019/2026-2027,0,https://tenders.go.ke/storage/Documents/1790936808757-proposed-completion-of-chain-link-fencing-at-lomolo-b-dispensary-in-soin-ward-rongai-s.pdf; https://tenders.go.ke/storage/Documents/1790936808781-proposed-completion-of-chain-link-fencing-at-lomolo-b-dispensary-in-soin-ward-rongai-s.pdf,4 days
307276,CGN/MOH/ONT/018/2026-2027,"Proposed Renovation of Teret Health Centre in Mauche Ward, Njoro  Sub-County",Nakuru County Government,Open Tender,Works,2026-10-13 10:00:00,2026-10-02,0,0,"County Government of Nakuru  Moi Road, County Government  Headquarters, 1st Floor,",0,210,35,,supplychainnakuru@gmail.com,0512214142,2026/2027,ocds-5whusi-307276-CGN/MOH/ONT/018/2026-2027,0,https://tenders.go.ke/storage/Documents/1790936678854-proposed-renovation-of-teret-health-centre-in-mauche-ward-njoro-sub-county.pdf; https://tenders.go.ke/storage/Documents/1790936678873-proposed-renovation-of-teret-health-centre-in-mauche-ward-njoro-sub-county.pdf,4 days
307275,CGN/MOH/ONT/017/2026-2027,"Proposed renovation of Tipis dispensary, renovation of Metta dispensary and construction of 2-door toilet at Mau Narok,  Njoro Sub County.",Nakuru County Government,Open Tender,Works,2026-10-13 10:00:00,2026-10-02,0,0,"County Government of Nakuru  Moi Road, County Government  Headquarters, 1st Floor,",0,210,35,,supplychainnakuru@gmail.com,0512214142,2026/2027,ocds-5whusi-307275-CGN/MOH/ONT/017/2026-2027,0,https://tenders.go.ke/storage/Documents/1790936583040-proposed-renovation-of-tipis-dispensary-renovation-of-metta-dispensary-and-constructio.pdf; https://tenders.go.ke/storage/Documents/1790936583063-proposed-renovation-of-tipis-dispensary-renovation-of-metta-dispensary-and-constructio.pdf,4 days
307273,CGN/MOH/ONT/016/2026-2027,"Proposed completion of  Kiptororo dispensary in  Kiptororo Ward,  Kuresoi North Sub County",Nakuru County Government,Open Tender,Works,2026-10-13 10:00:00,2026-10-02,0,0,"County Government of Nakuru  Moi Road, County Government  Headquarters, 1st Floor,",0,210,35,,supplychainnakuru@gmail.com,0512214142,2026/2027,ocds-5whusi-307273-CGN/MOH/ONT/016/2026-2027,0,https://tenders.go.ke/storage/Documents/1790936478606-proposed-completion-of-kiptororo-dispensary-in-kiptororo-ward-kuresoi-north-sub-county.pdf; https://tenders.go.ke/storage/Documents/1790936478631-proposed-completion-of-kiptororo-dispensary-in-kiptororo-ward-kuresoi-north-sub-county.pdf,4 days
307271,CGN/MOH/ONT/015/2026-2027,"Proposed construction of  two door pit latrine and  urinal at Menengai  dispensary in Kiamaina  Ward, Bahati Sub  County",Nakuru County Government,Open Tender,Works,2026-10-13 10:00:00,2026-10-02,0,0,"County Government of Nakuru  Moi Road, County Government  Headquarters, 1st Floor,",0,210,35,,supplychainnakuru@gmail.com,0512214142,2026/2027,ocds-5whusi-307271-CGN/MOH/ONT/015/2026-2027,0,https://tenders.go.ke/storage/Documents/1790936406906-proposed-construction-of-two-door-pit-latrine-and-urinal-at-menengai-dispensary-in-kia.pdf; https://tenders.go.ke/storage/Documents/1790936406954-proposed-construction-of-two-door-pit-latrine-and-urinal-at-menengai-dispensary-in-kia.pdf,4 days
307222,CGN/NVMB/ONT/030/2026-2027,Proposed  Maintenance and  repair of streetlights  at Kayole and  Kinungi Centre in  Naivasha East ward  Naivasha sub-county,Nakuru County Government,Open Tender,Works,2026-10-13 10:00:00,2026-10-02,0,0,"County Government of Nakuru  Moi Road, County Government  Headquarters, 1st Floor,",0,210,35,,supplychainnakuru@gmail.com,0512214142,2026/2027,ocds-5whusi-307222-CGN/NVMB/ONT/030/2026-2027,0,https://tenders.go.ke/storage/Documents/1790924778752-proposed-maintenance-and-repair-of-streetlights-at-kayole-and-kinungi-centre-in-naivas.pdf; https://tenders.go.ke/storage/Documents/1790939541337-proposed-maintenance-and-repair-of-streetlights-at-kayole-and-kinungi-centre-in-naivas.pdf,4 days
307220,CGN/NVMB/ONT/029/2026-2027,"Tender for  the Proposed Repair of Streetlights in Maai Mahiu Ward, Naivasha sub-county",Nakuru County Government,Open Tender,Works,2026-10-13 10:00:00,2026-10-02,0,0,"County Government of Nakuru  Moi Road, County Government  Headquarters, 1st Floor,",0,210,35,,supplychainnakuru@gmail.com,0512214142,2026/2027,ocds-5whusi-307220-CGN/NVMB/ONT/029/2026-2027,0,https://tenders.go.ke/storage/Documents/1790924658842-county-government-of-nakuru-moi-road-county-government-headquarters-1st-floor.pdf; https://tenders.go.ke/storage/Documents/1790924658872-county-government-of-nakuru-moi-road-county-government-headquarters-1st-floor.pdf,4 days
307215,CGN/NVMB/ONT/028/2026-2027,Tender for the  Proposed Installation  of streetlights across  Lakeview Ward in Naivasha sub-county,Nakuru County Government,Open Tender,Works,2026-10-13 10:00:00,2026-10-02,0,0,"County Government of Nakuru  Moi Road, County Government  Headquarters, 1st Floor,",0,210,35,,supplychainnakuru@gmail.com,0512214142,2026/2027,ocds-5whusi-307215-CGN/NVMB/ONT/028/2026-2027,0,https://tenders.go.ke/storage/Documents/1790924474412-tender-for-the-proposed-installation-of-streetlights-across-lakeview-ward-in-naivasha-.pdf; https://tenders.go.ke/storage/Documents/1790924474448-tender-for-the-proposed-installation-of-streetlights-across-lakeview-ward-in-naivasha-.pdf,4 days
307213,CGN/NVMB/ONT/027/2026-2027,Tender for the  Proposed  Maintenance of  streetlights across  Lakeview Ward in  Naivasha sub-county,Nakuru County Government,Open Tender,Works,2026-10-13 10:00:00,2026-10-02,0,0,"County Government of Nakuru  Moi Road, County Government Headquarters, 1st Floor,",0,210,35,,supplychainnakuru@gmail.com,0512214142,2026/2027,ocds-5whusi-307213-CGN/NVMB/ONT/027/2026-2027,0,https://tenders.go.ke/storage/Documents/1790924348049-tender-for-the-proposed-maintenance-of-streetlights-across-lakeview-ward-in-naivasha-s.pdf; https://tenders.go.ke/storage/Documents/1790939579227-tender-for-the-proposed-maintenance-of-streetlights-across-lakeview-ward-in-naivasha-s.pdf,4 days
307211,CGN/NVMB/ONT/026/2026-2027,"Tender for the Proposed Installation of streetlights in  Mirera location, Hellsgate Ward Naivasha sub-county",Nakuru County Government,Open Tender,Works,2026-10-13 10:00:00,2026-10-02,0,0,"County Government of Nakuru  Moi Road, County Government  Headquarters, 1st Floor,",0,210,35,,supplychainnakuru@gmail.com,0512214142,2026/2027,ocds-5whusi-307211-CGN/NVMB/ONT/026/2026-2027,0,https://tenders.go.ke/storage/Documents/1790924264451-tender-for-the-proposed-installation-of-streetlights-in-mirera-location-hellsgate-ward.pdf; https://tenders.go.ke/storage/Documents/1790924264505-tender-for-the-proposed-installation-of-streetlights-in-mirera-location-hellsgate-ward.pdf,4 days
307210,CGN/NVMB/ONT/025/2026-2027,"Tender for the Proposed Installation of Streetlights in Maai Mahiu Ward, Naivasha sub-county",Nakuru County Government,Open Tender,Works,2026-10-13 10:00:00,2026-10-02,0,0,"County Government of Nakuru  Moi Road, County Government  Headquarters, 1st Floor,",0,210,35,,supplychainnakuru@gmail.com,0512214142,2026/2027,ocds-5whusi-307210-CGN/NVMB/ONT/025/2026-2027,0,https://tenders.go.ke/storage/Documents/1790924141642-tender-for-the-proposed-installation-of-streetlights-in-maai-mahiu-ward-naivasha-sub-c.pdf; https://tenders.go.ke/storage/Documents/1790924141673-tender-for-the-proposed-installation-of-streetlights-in-maai-mahiu-ward-naivasha-sub-c.pdf,4 days
307209,CGN/NVMB/ONT/024/2026-2027,Tender for the Proposed  Maintenance of streetlights across  Naivasha Municipality.,Nakuru County Government,Open Tender,Works,2026-10-13 10:00:00,2026-10-02,0,0,"County Government of Nakuru Moi Road, County Government Headquarters,  1ST Floor, chambers",0,210,35,,supplychainnakuru@gmail.com,0512214142,2026/2027,ocds-5whusi-307209-CGN/NVMB/ONT/024/2026-2027,0,https://tenders.go.ke/storage/Documents/1790923992778-tender-for-the-proposed-maintenance-of-streetlights-across-naivasha-municipality.pdf; https://tenders.go.ke/storage/Documents/1790939496816-tender-for-the-proposed-maintenance-of-streetlights-across-naivasha-municipality.pdf,4 days
307181,CGN/YGSSS&I/ONT/002/2026-2027,Tender for the Proposed  renovation of Social  Services offices at Bondeni  Social Hall.,Nakuru County Government,Open Tender,Works,2026-10-13 10:00:00,2026-10-02,0,0,COUNTY HQ CHAMBERS 1ST FLOOR,0,210,35,,supplychainnakuru@gmail.com,0512214142,2026/2027,ocds-5whusi-307181-CGN/YGSSS&I/ONT/002/2026-2027,0,https://tenders.go.ke/storage/Documents/1790871240127-tender-for-the-proposed-renovation-of-social-services-offices-at-bondeni-social-hall.pdf; https://tenders.go.ke/storage/Documents/1790871670672-tender-for-the-proposed-renovation-of-social-services-offices-at-bondeni-social-hall.pdf,4 days
307180,CGN/YGSSS&I/ONT/001/2026-2027,"Tender for the Proposed installation of a Razor wire on boundary at OVC in  Njoro Ward, Njoro Sub County.",Nakuru County Government,Open Tender,Works,2026-10-13 10:00:00,2026-10-02,0,0,"County Government of Nakuru Moi Road, County Government 1st Floor, chambers",0,210,35,,supplychainnakuru@gmail.com,0512214142,2026/2027,ocds-5whusi-307180-CGN/YGSSS&I/ONT/001/2026-2027,0,https://tenders.go.ke/storage/Documents/1790871140222-tender-for-the-proposed-installation-of-a-razor-wire-on-boundary-at-ovc-in-njoro-ward-.pdf; https://tenders.go.ke/storage/Documents/1790871700373-tender-for-the-proposed-installation-of-a-razor-wire-on-boundary-at-ovc-in-njoro-ward-.pdf,4 days
306909,NG-CDF/BTL/01/R3NO CL/IPS/2026-2027,PROPOSED RENOVATIONS OF COMPLECTION OF 3 CLASSROOMS AT IKONZO PRIMARY SCHOOL.,BUTULA NGCDF,Open Tender,Works,2026-10-13 10:00:00,2026-09-29,0,0,IKONZO PRIMARY BOARDROOM,0,150,19,BUTULA,cdfbutula@ngcdf.go.ke,+254 721 956390,2026/2027,ocds-5whusi-306909-NG-CDF/BTL/01/R3NOCL/IPS/2026-2027,0,https://tenders.go.ke/storage/Documents/1790667904518-proposed-renovation-of-3classrooms-at-ikonzo-primary-school.pdf,4 days
306857,KAMU/NG-CDF/005/2026-2027,"Proposed Renovations at Our Lady of Mercy Girls Secondary School, Kamukunji Constituency",NGCDF KAMUKUNJI CONSTITUENCY,Open Tender,Works,2026-10-13 10:00:00,2026-09-28,1,1,"Kamukunji NGCDF Boardroom, NG-CDF office at Kamukunji Sub County Headquarters in Pumwani",0,210,1,NAIROBI,cdfkamukunji@ngcdf.go.ke,+254 722 131100,2026/2027,ocds-5whusi-306857-KAMU/NG-CDF/005/2026-2027,0,https://tenders.go.ke/storage/Documents/1790611037430-tender-notice.pdf; https://tenders.go.ke/storage/Documents/1790611037453-olm-tender-document.pdf,4 days
306856,KAMU/NG-CDF/004/2026-2027,"Proposed Works at Muthurwa Primary School, Kamukunji Constituency",NGCDF KAMUKUNJI CONSTITUENCY,Open Tender,Works,2026-10-13 10:00:00,2026-09-28,1,1,"Kamukunji NGCDF Boardroom, NG-CDF office at Kamukunji Sub County Headquarters in Pumwani",0,210,1,NAIROBI,cdfkamukunji@ngcdf.go.ke,+254 722 131100,2026/2027,ocds-5whusi-306856-KAMU/NG-CDF/004/2026-2027,0,https://tenders.go.ke/storage/Documents/1790610862513-muthurwa-primary-tender-document.pdf; https://tenders.go.ke/storage/Documents/1790610862543-tender-notice.pdf,4 days
306853,KAMU/NG-CDF/003/2026-2027,"Proposed Renovations and Construction Works at Kamukunji Senior School, Kamukunji Constituency",NGCDF KAMUKUNJI CONSTITUENCY,Open Tender,Works,2026-10-13 10:00:00,2026-09-28,1,1,"Kamukunji NGCDF Boardroom , NG-CDF office at Kamukunji Sub County Headquarters in Pumwani",0,210,1,NAIROBI,cdfkamukunji@ngcdf.go.ke,+254 722 131100,2026/2027,ocds-5whusi-306853-KAMU/NG-CDF/003/2026-2027,0,https://tenders.go.ke/storage/Documents/1790610697256-kamukunji-senior-sch-tender-doc.pdf; https://tenders.go.ke/storage/Documents/1790610697294-tender-notice.pdf,4 days
306852,KAMU/NG-CDF/002/2026-2027,"PROPOSED RENOVATION WORKS AT HESHIMA PRIMARY SCHOOL, KAMUKUNJI CONSTITUENCY",NGCDF KAMUKUNJI CONSTITUENCY,Open Tender,Works,2026-10-13 10:00:00,2026-09-28,1,1,"NGCDF Boardroom ,NG-CDF office at Kamukunji Sub County Headquarters in Pumwani",0,210,1,NAIROBI,cdfkamukunji@ngcdf.go.ke,+254 722 131100,2026/2027,ocds-5whusi-306852-KAMU/NG-CDF/002/2026-2027,0,https://tenders.go.ke/storage/Documents/1790610446115-tender-notice.pdf; https://tenders.go.ke/storage/Documents/1790610446154-heshima-primary-tender-notice.pdf,4 days
306763,KAMU/NG-CDF/001/2026-2027,"PROPOSED WORKS AT ST. TERESA’S PRIMARY SCHOOL, EASTLEIGH NORTH, KAMUKUNJI CONSTITUENCY",NGCDF KAMUKUNJI CONSTITUENCY,Open Tender,Works,2026-10-13 10:00:00,2026-09-28,1,1,Kamukunji NGCDF Boadroom located at Kamukunji Sub County Headquarters in Pumwani,0,210,1,NAIROBI,cdfkamukunji@ngcdf.go.ke,+254 722 131100,2026/2027,ocds-5whusi-306763-KAMU/NG-CDF/001/2026-2027,0,https://tenders.go.ke/storage/Documents/1790609951171-st-teresa-tender-doc.pdf; https://tenders.go.ke/storage/Documents/1790609951205-tender-notice.pdf,4 days
307461,Open Tender National - 2418112-2026/2027,Provision of Group Medical Insurance Cover for the Members of the  County Assembly,COUNTY ASSEMBLY OF KIAMBU,Open Tender,Non Consultancy Services,2026-10-13 11:00:00,2026-10-05,0,0,County Assembly Committee Rooms,0,120,5,KIAMBU,INFO@KIAMBUASSEMBLY.GO.KE,067-5860000,2026/2027,ocds-5whusi-307461-OpenTenderNational-2418112-2026/2027,0,https://tenders.go.ke/storage/Documents/1791212084973-tender-document.pdf; https://tenders.go.ke/storage/Documents/1791212085022-tender-notice.pdf,4 days
307452,TENDER NUMBER NO: CGK/CH/R/001/2026/2027,PROPOSED COMPLETION OF RWAKA LEVEL 3 HOSPITAL IN NDENDERU WARD,Kiambu County Government,Open Tender,Works,2026-10-13 11:00:00,2026-10-05,0,0,GOVERNOR'S RECEITION KIAMBU,0,27,5,,info@kiambu.go.ke,+254 709 877 000,2026/2027,ocds-5whusi-307452-TENDERNUMBERNO:CGK/CH/R/001/2026/2027,0,https://tenders.go.ke/storage/Documents/1791205660548-tender-notice.pdf; https://tenders.go.ke/storage/Documents/1791205660581-tender-document.pdf,4 days
307231,HELB/REG/01/2026-2027,"INVITATION FOR REGISTRATION OF SUPPLIERS,CONTRACTORS,AND CONSULTANTS REGISTRATION PERIOD:2026-2028",Higher Education Loan Board,Prequalification,Goods,2026-10-13 11:00:00,2026-09-29,0,0,ELECTRONIC SUBMISSION,0,120,1,,psapiri@helb.co.ke,+254724356838,2026/2027,ocds-5whusi-307231-HELB/REG/01/2026-2027,0,https://tenders.go.ke/storage/Documents/1790926925957-invitation-for-registration-of-supplierscontractorsconsultants-registration-period2026.pdf; https://tenders.go.ke/storage/Documents/1790926926008-helb-supplier-categories-2026-2028.pdf,4 days
307191,"GMC/TRPW/FC/001/2026-2027,2027-2028 & 2028-2029","SUPPLY AND DELIVERY OF FUEL, OIL AND LUBRICANTS USING FUEL CARD SYSTEM FOR COUNTY GOVERNMENT OF MACHAKOS ON A THREE (3) YEAR-FRAMEWORK CONTRACT",Machakos County Government,Open Tender,Goods,2026-10-13 11:00:00,2026-10-02,1,1,"COUNTY GOVERNMENT OF MACHAKOS  -   DEPARTMENT OF ROADS, TRANSPORT AND PUBLIC WORKS",0,90,3,,jnzambu@gmail.com,+254724849990,2026/2027,"ocds-5whusi-307191-GMC/TRPW/FC/001/2026-2027,2027-2028&2028-2029",0,https://tenders.go.ke/storage/Documents/1790893883902-gmctrpwfc0012026-20272027-2028-2028-2029-supply-and-delivery-of-fuel-oil-and-lubricant.pdf,4 days
307029,GMC/RFP/KUSP/KDO/TL-MUN/01/2026-2027,"CONSULTANCY SERVICES FOR FEASIBILITY STUDY, ENVIRONMENTAL AND SOCIAL IMPACT, TOPOGRAPHICAL SURVEY, PRELIMINARY AND DETAILED ENGINEERING DESIGN OF ROADS, PARKING FACILITIES, NMT FACILITIES & DRAINAGE IN KANGUNDO TALA MUNICIPALITY",Machakos County Government,Request for Proposals,Consultancy Services,2026-10-13 11:00:00,2026-09-30,1,2,MACHAKOS MUNICIPALITY BOARDROOM,0,120,3,,jnzambu@gmail.com,+254724849990,2026/2027,ocds-5whusi-307029-GMC/RFP/KUSP/KDO/TL-MUN/01/2026-2027,0,https://tenders.go.ke/storage/Documents/1790769519951-advertisement-on-consultancy-services-for-feasibility-study-environmental-and-social-i.pdf; https://tenders.go.ke/storage/Documents/1790769519975-consultancy-services-for-feasibility-study-environmental-and-social-impact-topographic.pdf,4 days
307027,GMC/RFP/KUSP/MVK -MUN/01/2026-2027,"CONSULTANCY SERVICES FOR FEASIBILITY STUDY, ENVIRONMENTAL AND SOCIAL IMPACT, TOPOGRAPHICAL SURVEY, PRELIMINARY AND DETAILED ENGINEERING DESIGN OF ROADS, PARKING FACILITIES, NMT FACILITIES & DRAINAGE IN MAVOKO MUNICIPALITY.",Machakos County Government,Request for Proposals,Consultancy Services,2026-10-13 11:00:00,2026-09-30,1,2,MACHAKOS MUNICIPALITY BOARDROOM,0,120,3,,jnzambu@gmail.com,+254724849990,2026/2027,ocds-5whusi-307027-GMC/RFP/KUSP/MVK-MUN/01/2026-2027,0,https://tenders.go.ke/storage/Documents/1790768694526-advertisement-notice-on-consultancy-services-for-feasibility-study-environmental-and-s.pdf; https://tenders.go.ke/storage/Documents/1790768694546-consultancy-services-for-feasibility-study-environmental-and-social-impact-topographic.pdf,4 days
307024,GMC/RFP/KUSP/MKS- MUN/01/2026-2027,"CONSULTANCY SERVICES FOR FEASIBILITY STUDY, ENVIRONMENTAL AND SOCIAL IMPACT, TOPOGRAPHICAL SURVEY, PRELIMINARY AND DETAILED ENGINEERING DESIGN OF ROADS, PARKING FACILITIES, NMT FACILITIES, DRAINAGE & MARKET REHABILITATION IN MACHAKOS MUNICIPALITY.",Machakos County Government,Request for Proposals,Consultancy Services,2026-10-13 11:00:00,2026-09-30,1,2,MACHAKOS MUNICIPALITY BOARDROOM,0,120,3,,jnzambu@gmail.com,+254724849990,2026/2027,ocds-5whusi-307024-GMC/RFP/KUSP/MKS-MUN/01/2026-2027,0,https://tenders.go.ke/storage/Documents/1790768092980-advertisement-notice-onconsultancy-services-for-feasibility-study-environmental-and-so.pdf; https://tenders.go.ke/storage/Documents/1790768093012-consultancy-services-for-feasibility-study-environmental-and-social-impact-topographic.pdf,4 days
306980,MAV/NG-CDF/011/2026/2027,PROPOSED CONSTRUCTION OF 50 STUDENTS CAPACITY DORMITORY AT IVOVOANI SECONDARY SCHOOL.,MAVOKO NG CDF,Open Tender,Works,2026-10-13 11:00:00,2026-09-29,0,0,MAVOKO NG-CDF OFFICE BOARDROOM,0,120,3,ATHI-RIVER,cdfmavoko@ngcdf.go.ke,+254 723 604946,2026/2027,ocds-5whusi-306980-MAV/NG-CDF/011/2026/2027,0,https://tenders.go.ke/storage/Documents/1790703777541-proposed-construction-of-50-students-capacity-dormitory-at-ivovoani-secondary-school.pdf; https://tenders.go.ke/storage/Documents/1790703777572-proposed-construction-of-50-students-capacity-dormitory-at-ivovoani-secondary-school.pdf,4 days
306979,MAV/NG-CDF/10/2026/2027,"PROPOSED CONSTRUCTION OF 8 NO, DOOR TOILET BLOCK AT NDOVOINI PRIMARY SCHOOL.",MAVOKO NG CDF,Open Tender,Works,2026-10-13 11:00:00,2026-09-29,0,0,MAVOKO NG-CDF  OFFICE BOARDROOM.,0,120,3,ATHI-RIVER,cdfmavoko@ngcdf.go.ke,+254 723 604946,2026/2027,ocds-5whusi-306979-MAV/NG-CDF/10/2026/2027,0,https://tenders.go.ke/storage/Documents/1790703564796-proposed-construction-of-8-no-door-toilet-block-at-ndovoini-primary-school.pdf; https://tenders.go.ke/storage/Documents/1790703564852-proposed-construction-of-8-no-door-toilet-block-at-ndovoini-primary-school.pdf,4 days
306943,RWC 1068,COMPLETION OF RWC 554 PHASE 2: LONGISA – KIPRERES – SIGOR/KABOSON – CHEBUNYO/OLBUTYO – SIGOR ROADS,Kenya Rural Roads Authority ,Open Tender,Works,2026-10-13 11:00:00,2026-08-17,0,0,"KENYA RURAL ROADS AUTHORITY, P.O BOX 48151 - 00100, NAIROBI, BARABARA PLAZA GROUND FLOOR, SOUTH WING BLOCK B",0,210,1,,kerra@kerra.go.ke,+254 724 735568/ 020-8013846,2026/2027,ocds-5whusi-306943-RWC1068,0,https://tenders.go.ke/storage/Documents/1790676091776-blank-tender-document-for-completion-of-rwc-554-phase-2-longisa-kipreres-sigorkaboson-.pdf; https://tenders.go.ke/storage/Documents/1790676091806-long-advert.pdf; https://tenders.go.ke/storage/Documents/1790676091822-my-gov-extract.pdf; https://tenders.go.ke/storage/Documents/1790676125907-approval-to-publish.pdf,4 days
306941,RWC 1066,COMPLETION FOR THE UPGRADING OF RWC 115 PHASE 2: MUSIKOMA – MUNGATSI & MYANGA – MATEKA ROADS,Kenya Rural Roads Authority ,Open Tender,Works,2026-10-13 11:00:00,2026-08-17,0,0,"KENYA RURAL ROADS AUTHORITY, P.O BOX 48151 - 00100, NAIROBI, BARABARA PLAZA GROUND FLOOR, SOUTH WING, BLOCK B",0,210,1,,kerra@kerra.go.ke,+254 724 735568/ 020-8013846,2026/2027,ocds-5whusi-306941-RWC1066,0,https://tenders.go.ke/storage/Documents/1790675618110-blank-tender-document-for-completion-for-the-upgrading-of-rwc-115-phase-2-musikoma-mun.pdf; https://tenders.go.ke/storage/Documents/1790675618130-long-advert.pdf; https://tenders.go.ke/storage/Documents/1790675618140-my-gov-extract.pdf; https://tenders.go.ke/storage/Documents/1790675650560-approval-to-publish.pdf,4 days
306938,RWC 1064,SPOT IMPROVEMENT OF OPIROI – SUYAN – BARAGOI ROAD,Kenya Rural Roads Authority ,Open Tender,Works,2026-10-13 11:00:00,2026-08-17,0,0,"KENYA RURAL ROADS AUTHORITY, P.O BOX 48151 - 00100, NAIROBI, BARABARA PLAZA, GROUND FLOOR, SOUTH WING BLOCK B",0,210,1,,kerra@kerra.go.ke,+254 724 735568/ 020-8013846,2026/2027,ocds-5whusi-306938-RWC1064,0,https://tenders.go.ke/storage/Documents/1790674995132-blank-tender-document-for-spot-improvement-of-opiroi-suyan-baragoi-road.pdf; https://tenders.go.ke/storage/Documents/1790674995153-long-advert.pdf; https://tenders.go.ke/storage/Documents/1790674995166-my-gov-extract.pdf; https://tenders.go.ke/storage/Documents/1790675022809-approval-to-publish.pdf,4 days
306936,RWC 1063,GRAVELLING OF NGURUMANI - MAGADI - KISERIAN ROAD,Kenya Rural Roads Authority ,Open Tender,Works,2026-10-13 11:00:00,2026-08-17,0,0,"KENYA RURAL ROADS AUTHORITY, NAIROBI, BARABARA PLAZA, GROUND FLOOR, SOUTH WING, BLOCK B",0,210,1,,kerra@kerra.go.ke,+254 724 735568/ 020-8013846,2026/2027,ocds-5whusi-306936-RWC1063,0,https://tenders.go.ke/storage/Documents/1790674718117-blank-tender-document-for-gravelling-of-ngurumani-magadi-kiserian-road.pdf; https://tenders.go.ke/storage/Documents/1790674718161-long-advert.pdf; https://tenders.go.ke/storage/Documents/1790674718166-my-gov-extract.pdf; https://tenders.go.ke/storage/Documents/1790674756030-approval-to-publish.pdf,4 days
306935,RWC 1062,UPGRADING TO BITUMEN STANDARD OF DANGER - KIMONDI - SIRONOI - CHEMUSWA ROAD,Kenya Rural Roads Authority ,Open Tender,Works,2026-10-13 11:00:00,2026-08-17,0,0,"KENYA RURAL ROADS AUTHORITY, P.O BOX 48151 - 00100, NAIROBI, BARABARA PLAZA GROUND FLOOR, SOUTH WING, BLOCK B",0,210,1,,kerra@kerra.go.ke,+254 724 735568/ 020-8013846,2026/2027,ocds-5whusi-306935-RWC1062,0,https://tenders.go.ke/storage/Documents/1790674320670-blank-tender-document-for-upgrading-to-bitumen-standard-of-danger-kimondi-sironoi-chem.pdf; https://tenders.go.ke/storage/Documents/1790674320697-long-advert.pdf; https://tenders.go.ke/storage/Documents/1790674375652-my-gov-extract.pdf; https://tenders.go.ke/storage/Documents/1790674398326-approval-to-publish.pdf,4 days
306933,RWC 1061,COMPLETION OF RWC 549 PHASE 2 MUTITHI - KAGIO PHASE II: GETUYA - KAGUMO / RUKANGA - KABIRIRI / GWA CHOMBA-KIANJAGI,Kenya Rural Roads Authority ,Open Tender,Works,2026-10-13 11:00:00,2026-08-17,0,0,"KENYA RURAL ROADS AUTHORITY, P.O BOX 48151 - 00100, NAIROBI, BARABARA PLAZA GROUND FLOOR, SOUTH WING, BLOCK B",0,210,1,,kerra@kerra.go.ke,+254 724 735568/ 020-8013846,2026/2027,ocds-5whusi-306933-RWC1061,0,https://tenders.go.ke/storage/Documents/1790674064050-blank-tender-document-for-completion-of-rwc-549-phase-2-mutithi-kagio-phase-ii-getuya-.pdf; https://tenders.go.ke/storage/Documents/1790674064081-long-advert.pdf; https://tenders.go.ke/storage/Documents/1790674064096-mg-gov-extract.pdf; https://tenders.go.ke/storage/Documents/1790674091506-approval-to-procure.pdf,4 days
306932,RWC 1060,COMPLETION OF RWC 643 PHASE 2: ISOGE - CHEBILAT / SIMBAUTI - TINDERETI,Kenya Rural Roads Authority ,Open Tender,Works,2026-10-13 11:00:00,2026-08-17,0,0,"KENYA RURAL ROADS AUTHORITY, P.O BOX 48151 - 00100, NAIROBI, BARABARA PLAZA GROUND FLOOR, SOUTH WING, BLOCK B",0,210,1,,kerra@kerra.go.ke,+254 724 735568/ 020-8013846,2026/2027,ocds-5whusi-306932-RWC1060,0,https://tenders.go.ke/storage/Documents/1790673458500-blank-tender-document-for-completion-of-rwc-643-phase-2-isoge-chebilat-simbauti-tinder.pdf; https://tenders.go.ke/storage/Documents/1790673458525-long-advert.pdf; https://tenders.go.ke/storage/Documents/1790673458530-my-gov-extract.pdf; https://tenders.go.ke/storage/Documents/1790673484454-approval-to-publish.pdf,4 days
306931,RWC 1059,COMPLETION FOR THE UPGRADING OF RWC 519 PHASE 2: U - G29664 KAMUNYU A/U - G29671 KAMUNYU B/U - G29572 GATHIAKA – GITHUYA / MARIGI – GATEI / CUNUNUKI – GACHARAGE / GITWE KIGANJO / KAHATA – MUNYUINI / KARINGA – KIMARURI / KURI – CUNUNUKI – GACHARAGE / RUBURI – WANUGU - FLYOVER,Kenya Rural Roads Authority ,Open Tender,Works,2026-10-13 11:00:00,2026-08-17,0,0,"KENYA RURAL ROADS AUTHORITY, P.O BOX 48151 - 00100, NAIROBI, BARABARA PLAZA GROUND FLOOR SOUTH WING, BLOCK B",0,210,1,,kerra@kerra.go.ke,+254 724 735568/ 020-8013846,2026/2027,ocds-5whusi-306931-RWC1059,0,https://tenders.go.ke/storage/Documents/1790673221536-blank-tender-document-for-completion-for-the-upgrading-of-rwc-519-phase-2-u-g29664-kam.pdf; https://tenders.go.ke/storage/Documents/1790673221562-long-advert.pdf; https://tenders.go.ke/storage/Documents/1790673221583-my-gov-extract.pdf; https://tenders.go.ke/storage/Documents/1790673254254-approval-to-publish.pdf,4 days
306924,RWC 1057,"UPGRADING TO BITUMEN STANDARD OF GAKWEGORI-GATUNDURI STAGE-KINGDOM-MAKATHI-KARURINA, MANYATTA - KAMVIU & MBUVORI-KARAU-KATHUNIRI ROADS",Kenya Rural Roads Authority ,Open Tender,Works,2026-10-13 11:00:00,2026-08-17,0,0,"KENYA RURAL ROADS AUTHORITY, P.O BOX 48151 - 00100, NAIROBI, BARABARA PLAZA GROUND FLOOR, SOUTH WING, BLOCK B",0,210,1,,kerra@kerra.go.ke,+254 724 735568/ 020-8013846,2026/2027,ocds-5whusi-306924-RWC1057,0,https://tenders.go.ke/storage/Documents/1790671259636-blank-tender-document-for-upgrading-to-bitumen-standard-of-gakwegori-gatunduri-stage-k.pdf; https://tenders.go.ke/storage/Documents/1790671259655-long-advert.pdf; https://tenders.go.ke/storage/Documents/1790671259666-my-gov-extract.pdf; https://tenders.go.ke/storage/Documents/1790672889514-approval-to-publish.pdf,4 days
306922,RWC 1056,"COMPLETION OF RWC 367, PHASE 2 TODONYANG - KALOKOL",Kenya Rural Roads Authority ,Open Tender,Works,2026-10-13 11:00:00,2026-08-17,0,0,"KENYA RURAL ROADS AUTHORITY, P.O BOX 48151 - 00100, NAIROBI, BARABARA PLAZA GROUND FLOOR, SOUTH WING, BLOCK B",0,210,1,,kerra@kerra.go.ke,+254 724 735568/ 020-8013846,2026/2027,ocds-5whusi-306922-RWC1056,0,https://tenders.go.ke/storage/Documents/1790670936225-blank-tender-document-for-completion-of-rwc-367-phase-2-todonyang-kalokol.pdf; https://tenders.go.ke/storage/Documents/1790670936251-long-advert.pdf; https://tenders.go.ke/storage/Documents/1790670936256-my-gov-extract.pdf; https://tenders.go.ke/storage/Documents/1790672815334-approval-to-publish.pdf,4 days
306569,KCG/KCDHSS/OT/ 2405669/2026/2027,SUPPLY AND DELIVERY OF 4 WHEEL DRIVE AMBULANCE FOR WATAMU,Kilifi County Government,Open Tender,Goods,2026-10-13 11:00:00,2026-09-23,1,1,KILIFI COUNTY REFERRAL HOSPITAL BOARDROOM,0,150,7,,info@kilifi.go.ke,0736001003,2026/2027,ocds-5whusi-306569-KCG/KCDHSS/OT/2405669/2026/2027,0,https://tenders.go.ke/storage/Documents/1790273546296-supply-and-delivery-of-4-wheel-drive-ambulance-for-watamu.pdf; https://tenders.go.ke/storage/Documents/1790273546310-tender-advert.pdf,4 days
306568,KCG/KCDHSS/OT/ 2405668/2026/2027,SUPPLY AND DELIVERY OF 4 WHEEL DRIVE AMBULANCE FOR MARAFA,Kilifi County Government,Open Tender,Goods,2026-10-13 11:00:00,2026-09-23,1,1,KILIFI COUNTY REFERRAL HOSPITAL BOARDROOM,0,150,7,,info@kilifi.go.ke,0736001003,2026/2027,ocds-5whusi-306568-KCG/KCDHSS/OT/2405668/2026/2027,0,https://tenders.go.ke/storage/Documents/1790273407801-supply-and-delivery-of-4-wheel-drive-ambulance-for-marafa.pdf; https://tenders.go.ke/storage/Documents/1790273407841-tender-advert.pdf,4 days
306567,KCG/KCDHSS/OT/2405665/2026/2027,PROPOSED COMPLETION OF VYAMBANI DISPENSARY  IN JARIBUNI WARD,Kilifi County Government,Open Tender,Works,2026-10-13 11:00:00,2026-09-23,1,1,KILIFI COUNTY REFERRAL HOSPITAL BOARDROOM,348700,150,7,,info@kilifi.go.ke,0736001003,2026/2027,ocds-5whusi-306567-KCG/KCDHSS/OT/2405665/2026/2027,0,https://tenders.go.ke/storage/Documents/1790273151969-proposed-completion-of-vyambani-dispensary-in-jaribuni-ward.pdf; https://tenders.go.ke/storage/Documents/1790273151997-tender-advert.pdf,4 days
306566,KCG/KCDHSS/OT/2405667/2026/2027,PROPOSED CONSTRUCTION OF AN ACCIDENT AND  EMERGENCY CENTRE AT GEDE HEALTH CENTER IN DABASO WARD,Kilifi County Government,Open Tender,Works,2026-10-13 11:00:00,2026-09-23,1,1,KILIFI COUNTY REFERRAL HOSPITAL BOARDROOM,1000000,150,7,,info@kilifi.go.ke,0736001003,2026/2027,ocds-5whusi-306566-KCG/KCDHSS/OT/2405667/2026/2027,0,https://tenders.go.ke/storage/Documents/1790272870655-proposed-construction-of-an-accident-and-emergency-centre-at-gede-health-center-in-dab.pdf; https://tenders.go.ke/storage/Documents/1790272870683-tender-advert.pdf,4 days
306564,KCG/KCDHSS/OT/2405661/2026/2027,PROPOSED COMPLETION OF DISPENSARY BLOCK AND 2NO. CUBICLE PIT LATRINE AT JIMBA DISPENSARY IN RURUMA WARD,Kilifi County Government,Open Tender,Works,2026-10-13 11:00:00,2026-09-23,1,1,KILIFI COUNTY REFERRAL HOSPITAL BOARDROOM,130000,150,7,,info@kilifi.go.ke,0736001003,2026/2027,ocds-5whusi-306564-KCG/KCDHSS/OT/2405661/2026/2027,0,https://tenders.go.ke/storage/Documents/1790272096053-proposed-completion-of-dispensary-block-and-2no-cubicle-pit-latrine-at-jimba-dispensar.pdf; https://tenders.go.ke/storage/Documents/1790272096080-tender-advert.pdf,4 days
306563,KCG/KCDHSS/OT/2405663/2026/2027,PROPOSED COMPLETION OF DISPENSARY BLOCK AND 2NO. CUBICLE PIT LATRINE AT KWA JUAJE DISPENSARY IN MWAWESA WARD,Kilifi County Government,Open Tender,Works,2026-10-13 11:00:00,2026-09-23,1,1,KILIFI COUNTY REFERRAL HOSPITAL BOARDROOM,167000,150,7,,info@kilifi.go.ke,0736001003,2026/2027,ocds-5whusi-306563-KCG/KCDHSS/OT/2405663/2026/2027,0,https://tenders.go.ke/storage/Documents/1790271849435-proposed-completion-of-dispensary-block-and-2no-cubicle-pit-latrine-at-kwa-juaje-dispe.pdf; https://tenders.go.ke/storage/Documents/1790271849480-tender-advert.pdf,4 days
306466,PMKUNON/EOI/01/2026-2027,AQUISITION OF LAND FOR CONSTRUCTION OF AN OFFICE BLOCK TO ACCOMMODATE THE TWO KENYA PERMANENT MISSIONS TO UNON&UNEP AND UN- HABITAT,Ministry of Foreign Affairs,Expression of Interest,Goods,2026-10-13 11:00:00,2026-09-23,0,0,328 Runda Grove  Mission Boardroom,0,140,1,,barasaruth1@gmail.com,+254-20-318888,2026/2027,ocds-5whusi-306466-PMKUNON/EOI/01/2026-2027,0,https://tenders.go.ke/storage/Documents/1790182951852-invitation-for-expression-of-interest-eoi.pdf,4 days
305755,KE-Kajiado County-567787-CW-RFB,"REHABILITATION WORKS FOR ISINET KALESIRUA IRRIGATION SCHEME IN IMBIRIKANI/ESELENKEI WARD, KAJIADO SOUTH SUB COUNTY, KAJIADO COUNTY",Kajiado County Government,Open Tender,Works,2026-10-13 11:00:00,2026-09-15,0,0,Department of Livestock-Kajiado County,0,210,6,,info@kajiado.go.ke,+254202043075,2026/2027,ocds-5whusi-305755-KE-KajiadoCounty-567787-CW-RFB,0,https://tenders.go.ke/storage/Documents/1789471435793-isinet-kalesirua-irrigation-scheme.pdf; https://tenders.go.ke/storage/Documents/1789471435859-isinet-kalesirua-irrigation-scheme-advert.pdf,4 days
307596,NG-CDF/MMSW/EMAU/PS/01/2026-2027,"PROPOSED CONSTRUCTION AND EQUIPPING OF 3 NO. CLASSROOMS AT EMAUNGU  PRIMARY & JUNIOR SCHOOL IN MUMIAS WEST CONSTITUENCY, KAKAMEGA COUNTY",MUMIAS WEST NG CDF,Open Tender,Works,2026-10-13 12:00:00,2026-10-06,0,0,"EMAUNGU  PRIMARY & JUNIOR SCHOOL IN MUMIAS WEST CONSTITUENCY, KAKAMEGA COUNTY",0,180,16,Mumias,cdfmumiaswest@ngcdf.go.ke,720334928,2026/2027,ocds-5whusi-307596-NG-CDF/MMSW/EMAU/PS/01/2026-2027,0,https://tenders.go.ke/storage/Documents/1791292758179-tender-notice.pdf; https://tenders.go.ke/storage/Documents/1791292758203-tender-document.pdf,4 days
306978,CGOKTI/MM/KUSP/001/2026-2027,"PROPOSED IMPROVEMENT TO BITUMEN STANDARDS OF MUSILA GARDENS -KIBERITI-LUTUNI-JUNCTION ROAD WITH DRAINAGE,LIGHTING AND GREENING IN MWINGI MUNICIPALITY",Kitui County Government,Open Tender,Works,2026-10-13 12:00:00,2026-09-30,0,0,MWINGI MUNICIPALITY BOARDROOM,0,140,1,,smususya@yahoo.com,+254702615888,2026/2027,ocds-5whusi-306978-CGOKTI/MM/KUSP/001/2026-2027,0,https://tenders.go.ke/storage/Documents/1790700873008-kusp-ii.pdf; https://tenders.go.ke/storage/Documents/1790762872198-kusp-ii.pdf,4 days
306918,NG-CDF/BTL/MH/SPSSS,PROPOSED CONSTRUCTION OF 500 STUDENTS CAPACITY MULTIPURPOSE HALL AT ST. PETERS SIRIKHAYA SECONDARY SCHOOL,BUTULA NGCDF,Open Tender,Works,2026-10-13 12:00:00,2026-09-29,0,0,ST PETERS SIRIKHAYA SECONDARY SCHOOL BOARDROOM,0,150,19,BUTULA,cdfbutula@ngcdf.go.ke,+254 721 956390,2026/2027,ocds-5whusi-306918-NG-CDF/BTL/MH/SPSSS,0,https://tenders.go.ke/storage/Documents/1790669105586-proposed-construction-of500-students-capacity-multipurpose-hall-at-st-peters-sirikhaya.pdf,4 days
307590,NG-CDF/MMSW/EMUK/PS/01/2026-2027,"PROPOSED CONSTRUCTION AND EQUIPPING OF 3 NO. CLASSROOMS AT EMUKHUWA  PRIMARY & JUNIOR SCHOOL IN MUMIAS WEST CONSTITUENCY, KAKAMEGA",MUMIAS WEST NG CDF,Open Tender,Works,2026-10-13 14:00:00,2026-10-06,0,0,"EMUKHUWA  PRIMARY & JUNIOR SCHOOL IN MUMIAS WEST CONSTITUENCY, KAKAMEGA COUNTY",0,180,16,Mumias,cdfmumiaswest@ngcdf.go.ke,720334928,2026/2027,ocds-5whusi-307590-NG-CDF/MMSW/EMUK/PS/01/2026-2027,0,https://tenders.go.ke/storage/Documents/1791292424736-tender-notice.pdf; https://tenders.go.ke/storage/Documents/1791292424763-tender-document.pdf,4 days
306921,NG-CDF/BTL/01/R5NOCL/BPS/2026-2027,PROPOSED RENOVATIONS TO COMPLETION OF 5 CLASSROOMS AT BUTUNYI PRIMARY SCHOOL,BUTULA NGCDF,Open Tender,Works,2026-10-13 14:00:00,2026-09-29,0,0,BUTUNYI PRIMARY SCHOOL,0,150,19,BUTULA,cdfbutula@ngcdf.go.ke,+254 721 956390,2026/2027,ocds-5whusi-306921-NG-CDF/BTL/01/R5NOCL/BPS/2026-2027,0,https://tenders.go.ke/storage/Documents/1790670134815-proposed-renovation-to-complection-of-5-clssrooms-at-butunyi-primary-school.pdf,4 days
307501,SEEQIP/01/ONE LABORATORY/2026,SEEQIP LABORATORY,St. Mathews Lwanyange Secondary School,Open Tender,Works,2026-10-13 17:00:00,2026-09-22,0,0,St. Mathews Lwanyange Secondary School,1000,150,19,Nambale,stmathewslwanyange@gmail.com,+254 705 966834,2026/2027,ocds-5whusi-307501-SEEQIP/01/ONELABORATORY/2026,0,https://tenders.go.ke/storage/Documents/1791274188109-tender-notice.pdf; https://tenders.go.ke/storage/Documents/1791274188144-tender-document.pdf,5 days
306155,RFX NO. 1000001608,Supply and Delivery of Concrete Stay Blocks - Open to Manufacturers,Rural Electrification Authority,Open Tender,Goods,2026-10-14 00:00:00,2026-09-15,1,1,"KAWI COMPLEX, South C",0,133,1,,info@rea.co.ke,0709193645,2026/2027,ocds-5whusi-306155-RFXNO.1000001608,0,https://tenders.go.ke/storage/Documents/1790055281068-tender-document.pdf; https://tenders.go.ke/storage/Documents/1790055281090-invitation-to-tender.pdf; https://tenders.go.ke/storage/Documents/1790055281094-advert.pdf,5 days
306154,RFX NO. 1000001607,Supply and Delivery of Treated Wooden Poles - Open to PWD,Rural Electrification Authority,Open Tender,Goods,2026-10-14 00:00:00,2026-09-15,1,1,"KAWI COMPLEX, South c",0,133,1,,info@rea.co.ke,0709193645,2026/2027,ocds-5whusi-306154-RFXNO.1000001607,0,https://tenders.go.ke/storage/Documents/1790055046066-tender-document.pdf; https://tenders.go.ke/storage/Documents/1790055046089-invitation-to-tender.pdf; https://tenders.go.ke/storage/Documents/1790055046096-advert.pdf,5 days
306153,RFX NO. 1000001606,Supply and Delivery of Treated Wooden Poles - Open to Women,Rural Electrification Authority,Open Tender,Goods,2026-10-14 00:00:00,2026-09-15,1,1,"KAWI COMPLEX, South C",0,133,1,,info@rea.co.ke,0709193645,2026/2027,ocds-5whusi-306153-RFXNO.1000001606,0,https://tenders.go.ke/storage/Documents/1790054864102-tender-document.pdf; https://tenders.go.ke/storage/Documents/1790054864139-invitation-to-tender.pdf; https://tenders.go.ke/storage/Documents/1790054864146-advert.pdf,5 days
306152,RFX 1000001605,Supply and Delivery of Treated Wooden Poles - Open to Youth,Rural Electrification Authority,Open Tender,Goods,2026-10-14 00:00:00,2026-09-15,1,1,"KAWI COMPLEX, South c",0,133,1,,info@rea.co.ke,0709193645,2026/2027,ocds-5whusi-306152-RFX1000001605,0,https://tenders.go.ke/storage/Documents/1790054644519-tender-document.pdf; https://tenders.go.ke/storage/Documents/1790054644538-invitation-to-tender.pdf; https://tenders.go.ke/storage/Documents/1790054644543-advert.pdf,5 days
305543,KNH/T/72/2026-2027,"SUPPLY, INSTALLATION, CONFIGURATION AND COMMISSIONING OF PERIMETER FIREWALL FOR KENYATTA NATIONAL HOSPITAL.",Kenyatta National Hospital,Open Tender,Goods,2026-10-14 00:00:00,2026-09-11,1,2,KNH SUPPLY CHAIN MANAGEMENT DEPARTMENT - ENTRANCE,0,119,1,,simon.wagura@gmail.com,+254710159546,2026/2027,ocds-5whusi-305543-KNH/T/72/2026-2027,0,https://tenders.go.ke/storage/Documents/1789137759530-supply-installation-configuration-and-commissioning-of-perimeter-firewall-for-kenyatta.pdf,5 days
307628,ASHSC/TENDER/001/2026-2027,PROPOSED VERTICAL EXTENSION TO LABORATORY BLOCK- FIRST FLOOR WORKS AT ALL SAINTS HIGH SCHOOL CIANDA IN KIAMBAA SUB-COUNTY-KIAMBU COUNTY,KIAMBU COUNTY COMMISSIONER,Open Tender,Works,2026-10-14 09:30:00,2026-10-06,0,0,ALL SAINTS HIGH SCHOOL CIANDA IN KIAMBAA SUB-COUNTY-KIAMBU COUNTY,0,120,5,KIAMBU,countycommkiambu@yahoo.com,066-2022709,2026/2027,ocds-5whusi-307628-ASHSC/TENDER/001/2026-2027,0,https://tenders.go.ke/storage/Documents/1791315858627-proposed-vertical-extension-to-laboratory-block-first-floor-works-at-all-saints-high-s.pdf; https://tenders.go.ke/storage/Documents/1791315858671-proposed-vertical-extension-to-laboratory-block-first-floor-works-at-all-saints-high-s.pdf,5 days
307798,KAS/NG-CDF/002/2026-2027,PROPOSED CHAINLINK FENCE AT NEW KIPAWA PRIMARY SCHOOL - NAIROBI,Kasarani National Government Constituency Development Fund,Open Tender,Works,2026-10-14 10:00:00,2026-10-07,1,1,KASARANI NG-CDF OFFICE HALL NJIRU,200000,180,1,Njiru,cdfkasarani@ngcdf.go.ke,0722270378,2026/2027,ocds-5whusi-307798-KAS/NG-CDF/002/2026-2027,0,https://tenders.go.ke/storage/Documents/1791385886903-boq.pdf; https://tenders.go.ke/storage/Documents/1791385886937-tender-notice.pdf,5 days
307797,KAS/NG-CDF/001/2026-2027,PROPOSED CONSTRUCTION OF 4NO. CLASSROOMS ON THE FIRST FLOOR WITH A STAIRCASE AND SLAB AT NEW KIPAWA PRIMARY SCHOOL,Kasarani National Government Constituency Development Fund,Open Tender,Works,2026-10-14 10:00:00,2026-10-07,0,0,KASARANI NG-CDF OFFICE HALL NJIRU,200000,180,1,Njiru,cdfkasarani@ngcdf.go.ke,0722270378,2026/2027,ocds-5whusi-307797-KAS/NG-CDF/001/2026-2027,0,https://tenders.go.ke/storage/Documents/1791385590518-boq.pdf; https://tenders.go.ke/storage/Documents/1791385590545-tender-notice.pdf; https://tenders.go.ke/storage/Documents/1791385590570-drawings.pdf,5 days
307716,LNGT/NG-CDF/Q006/2026-2027,PROPOSED DRILLING AND EQUIPPINGOF BOREHOLE AND WATER TANK AT WEST PARK POLICE STATION LANGATA- NAIROBI,LANGATA NG CDF ,Open Tender,Works,2026-10-14 10:00:00,2026-10-07,0,0,LANGATA NG CDF OFFICE,0,7,1,NAIROBI,cdflangata@ngcdf.go.ke,0206005376,2026/2027,ocds-5whusi-307716-LNGT/NG-CDF/Q006/2026-2027,0,https://tenders.go.ke/storage/Documents/1791368734248-tender-document-and-boq.pdf,5 days
307711,LNGT/NG-CDF/Q005/2026-2027,"PROPOSED CONSTRUCTION OF CLASSROOMS, OFFICES, WASHROOMS AND PAVING AT MADARAKA (JALANGO) SECONDARY SCHOOL- NAIROBI",LANGATA NG CDF ,Open Tender,Works,2026-10-14 10:00:00,2026-10-07,0,0,LANGATA NG CDF OFFICE,0,7,1,NAIROBI,cdflangata@ngcdf.go.ke,0206005376,2026/2027,ocds-5whusi-307711-LNGT/NG-CDF/Q005/2026-2027,0,https://tenders.go.ke/storage/Documents/1791368168935-tender-document-and-boq.pdf,5 days
307710,LNGT/NG-CDF/Q004/2026-2027,PROPOSED RENOVATIONS AT KAREN POLICE STATION- NAIROBI,LANGATA NG CDF ,Open Tender,Works,2026-10-14 10:00:00,2026-10-07,0,0,LANGATA NG CDF OFFICE,0,7,1,NAIROBI,cdflangata@ngcdf.go.ke,0206005376,2026/2027,ocds-5whusi-307710-LNGT/NG-CDF/Q004/2026-2027,0,https://tenders.go.ke/storage/Documents/1791368128534-tender-document-and-boq.pdf,5 days
307709,LNGT/NG-CDF/Q003/2026-2027,PROPOSED PAVING AND CABRO DRIVEWAY AT KAREN C SECONDARY SCHOOL-NAIROBI,LANGATA NG CDF ,Open Tender,Works,2026-10-14 10:00:00,2026-10-07,0,0,LANGATA NG CDF OFFICE,0,7,1,NAIROBI,cdflangata@ngcdf.go.ke,0206005376,2026/2027,ocds-5whusi-307709-LNGT/NG-CDF/Q003/2026-2027,0,https://tenders.go.ke/storage/Documents/1791368072236-tender-document-and-boq.pdf,5 days
307707,LNGT/NG-CDF/Q002/2026-2027,PROPOSED CONSTRUCTION OF PERIMETER FENCE AT HARDY POLICE STATION,LANGATA NG CDF ,Open Tender,Works,2026-10-14 10:00:00,2026-10-07,0,0,LANGATA NG CDF OFFICE,0,7,1,NAIROBI,cdflangata@ngcdf.go.ke,0206005376,2026/2027,ocds-5whusi-307707-LNGT/NG-CDF/Q002/2026-2027,0,https://tenders.go.ke/storage/Documents/1791367526949-tender-document-and-boq.pdf,5 days
307705,LNGT/NG-CDF/Q001/2026-2027,PROPOSED CONSTRUCTION OF OFFICES AT AKILA POLICE STATION- NAIROBI,LANGATA NG CDF ,Open Tender,Works,2026-10-14 10:00:00,2026-10-07,0,0,LANGATA NG CDF OFFICE,0,7,1,NAIROBI,cdflangata@ngcdf.go.ke,0206005376,2026/2027,ocds-5whusi-307705-LNGT/NG-CDF/Q001/2026-2027,0,https://tenders.go.ke/storage/Documents/1791366304923-tender-document-and-boq.pdf,5 days
307170,SIBO/OT/CHEM/2026-2027,SUPPLY AND DELIVERY OF WATER TREATMENT CHEMICALS,SIAYA BONDO WATER AND SANITATION COMPANY LIMITED,Open Tender,Goods,2026-10-14 10:00:00,2026-10-01,0,0,"SIBOWASCO BOARDROOM, LOCATED  AT SIBOWASCO HEAD OFFICE.",0,132,20,SIAYA,SIBOWASCO@GMAIL.COM,+254 715 500071,2026/2027,ocds-5whusi-307170-SIBO/OT/CHEM/2026-2027,0,https://tenders.go.ke/storage/Documents/1790862044670-supply-and-delivery-of-water-treatment-chemicals.pdf,5 days
307139,TSC/SEEQIP/EOI/001/2026-2027,Consultancy for the Implementation of Communication Media and Brand Strategy for TSC,Teachers Service Commission,Expression of Interest,Consultancy Services,2026-10-14 10:00:00,2026-09-29,0,0,"Teachers Service Commission Upper Hill, Kilimanjaro Road, TSC Building-Podium Wing, Ground Floor",0,120,1,Nairobi,info@tsc.go.ke,020-2892301,2026/2027,ocds-5whusi-307139-TSC/SEEQIP/EOI/001/2026-2027,0,https://tenders.go.ke/storage/Documents/1790852498652-advertisement.pdf; https://tenders.go.ke/storage/Documents/1790857905439-consultancy-for-the-implementation-of-communication-media-and-brand-strategy-for-tsc.pdf,5 days
307057,KTTC/BOM/OT/001/2026-2027,PROPOSED CONSTRUCTION TO COMPLETION OF SOLAI TEACHERS TRAINING COLLEGE ADMINISTRATION BLOCK AND CLASSROOMS (GROUND FLOOR AND TWO SUSPENDED FLOORS) AT SOLAI CONSTITUENCY NAKURU COUNTY,kericho teachers college,Open Tender,Works,2026-10-14 10:00:00,2026-09-30,0,0,COLLEGE BOARDROOM,0,14,37,kericho,kerichottc@yahoo.com,0721457785,2026/2027,ocds-5whusi-307057-KTTC/BOM/OT/001/2026-2027,0,https://tenders.go.ke/storage/Documents/1790782913465-proposed-construction-to-completion-of-solai-teachers-training-college.pdf; https://tenders.go.ke/storage/Documents/1790782913591-bill-of-quantities-and-drawings.pdf,5 days
307007,NG-CDF/BTL/01/3NOCL/A.C.KSPS/2026-2027,PROPOSED CONSTRUCTION TO COMPLECTION OF CLASSROOMS AT A.C.K SIOLOLO PRIMARY SCHOOL.,BUTULA NGCDF,Open Tender,Works,2026-10-14 10:00:00,2026-09-30,0,0,A.C.K SIOLOLO PRIMARY SCHOOL BOARDROOM,0,150,19,BUTULA,cdfbutula@ngcdf.go.ke,+254 721 956390,2026/2027,ocds-5whusi-307007-NG-CDF/BTL/01/3NOCL/A.C.KSPS/2026-2027,0,https://tenders.go.ke/storage/Documents/1790760223691-proposed-construction-to-complection-of-3-classrooms-at-ack-siololo-primary-school.pdf,5 days
306923,NG-CDF/VHG/MSN/SS/LE/01/2026-2027,"PROPOSED PURCHASE AND SUPPLY OF APPROVED CHEMISTRY, PHYSICS AND BIOLOGY EQUIPMENT FOR MASANA SECONDARY SCHOOL IN VIHIGA CONSTITUENCY",Vihiga Ngcdf,Open Tender,Goods,2026-10-14 10:00:00,2026-09-29,0,0,NG-CDF VIHIGA OFFICE,0,16,17,Mbale,cdfvihiga@ngcdf.go.ke,+254 725 371259,2026/2027,ocds-5whusi-306923-NG-CDF/VHG/MSN/SS/LE/01/2026-2027,0,https://tenders.go.ke/storage/Documents/1790671044600-proposed-purchase-and-supply-of-approved-chemistry-physics-and-biology-equipment-for-m.pdf,5 days
306919,NG-CDF/VHG/NVH/JS/LE/01/2026-2027,"PROPOSED PURCHASE AND SUPPLY OF APPROVED CHEMISTRY, PHYSICS AND BIOLOGY EQUIPMENT FOR NAVUHI SECONDARY SCHOOL IN VIHIGA CONSTITUENCY",Vihiga Ngcdf,Open Tender,Goods,2026-10-14 10:00:00,2026-09-29,0,0,NG-CDF VIHIGA OFFICE,0,16,17,Mbale,cdfvihiga@ngcdf.go.ke,+254 725 371259,2026/2027,ocds-5whusi-306919-NG-CDF/VHG/NVH/JS/LE/01/2026-2027,0,https://tenders.go.ke/storage/Documents/1790669136501-proposed-purchase-and-supply-of-approved-chemistry-physics-and-biology-equipment-for-n.pdf,5 days
306907,NG-CDF/VHG/MGI/SS/LE/01/2026-2027,"PROPOSED PURCHASE AND SUPPLY OF APPROVED CHEMISTRY, PHYSICS AND BIOLOGY EQUIPMENT FOR MAGUI SECONDARY SCHOOL IN VIHIGA CONSTITUENCY",Vihiga Ngcdf,Open Tender,Goods,2026-10-14 10:00:00,2026-09-29,0,0,NG-CDF VIHIGA OFFICE,0,16,17,Mbale,cdfvihiga@ngcdf.go.ke,+254 725 371259,2026/2027,ocds-5whusi-306907-NG-CDF/VHG/MGI/SS/LE/01/2026-2027,0,https://tenders.go.ke/storage/Documents/1790667183310-proposed-purchase-and-supply-of-approved-chemistry-physics-and-biology-equipment-for-m.pdf,5 days
306906,NG-CDF/VHG/CVV/SS/LE/01/2026-2027,"PROPOSED PURCHASE AND SUPPLY OF APPROVED CHEMISTRY, PHYSICS AND BIOLOGY EQUIPMENT FOR CHAVAVO SECONDARY SCHOOL IN VIHIGA CONSTITUENCY",Vihiga Ngcdf,Open Tender,Goods,2026-10-14 10:00:00,2026-09-29,0,0,NG-CDF VIHIGA OFFICE,0,16,17,Mbale,cdfvihiga@ngcdf.go.ke,+254 725 371259,2026/2027,ocds-5whusi-306906-NG-CDF/VHG/CVV/SS/LE/01/2026-2027,0,https://tenders.go.ke/storage/Documents/1790667043644-proposed-purchase-and-supply-of-approved-chemistry-physics-and-biology-equipment-for-c.pdf,5 days
306905,NG-CDF/VHG/CDGN/JS/LE/01/2026-2027,"PROPOSED PURCHASE AND SUPPLY OF APPROVED CHEMISTRY, PHYSICS AND BIOLOGY EQUIPMENT FOR CHANDUGUNYI JUNIOR SECONDARY SCHOOL IN VIHIGA CONSTITUENCY",Vihiga Ngcdf,Open Tender,Goods,2026-10-14 10:00:00,2026-09-29,0,0,NG-CDF VIHIGA OFFICE,0,16,17,Mbale,cdfvihiga@ngcdf.go.ke,+254 725 371259,2026/2027,ocds-5whusi-306905-NG-CDF/VHG/CDGN/JS/LE/01/2026-2027,0,https://tenders.go.ke/storage/Documents/1790666895196-proposed-purchase-and-supply-of-approved-chemistry-physics-and-biology-equipment-for-c.pdf,5 days
306904,NG-CDF/VHG/CND/JS/LE/01/2026-2027,"PROPOSED PURCHASE AND SUPPLY OF APPROVED CHEMISTRY, PHYSICS AND BIOLOGY EQUIPMENT FOR CHANDA JUNIOR SECONDARY SCHOOL IN VIHIGA CONSTITUENCY",Vihiga Ngcdf,Open Tender,Goods,2026-10-14 10:00:00,2026-09-29,0,0,NG-CDF VIHIGA OFFICE,0,16,17,Mbale,cdfvihiga@ngcdf.go.ke,+254 725 371259,2026/2027,ocds-5whusi-306904-NG-CDF/VHG/CND/JS/LE/01/2026-2027,0,https://tenders.go.ke/storage/Documents/1790666732386-proposed-purchase-and-supply-of-approved-chemistry-physics-and-biology-equipment-for-c.pdf,5 days
307611,CGK/CH/KS/002/2026/2027,PROPOSED ADDITIONAL WORKS AT KAHAWA SUKARI LEVEL 111 HOSPITAL- PHASE 111,Kiambu County Government,Open Tender,Works,2026-10-14 11:00:00,2026-10-06,0,0,GOVERNOR'S RECEIPTION KIAMBU,0,27,5,,info@kiambu.go.ke,+254 709 877 000,2026/2027,ocds-5whusi-307611-CGK/CH/KS/002/2026/2027,0,https://tenders.go.ke/storage/Documents/1791297427078-proposed-additional-works-at-kahawa-sukari-level-111-hospital-phase-111.pdf; https://tenders.go.ke/storage/Documents/1791297427112-advert.pdf,5 days
307462,SNP/OT/SMIC/03,PROVISION OF STAFF MEDICAL INSURANCE,THE SIGALAGALA NATIONAL POLYTECHNIC,Open Tender,Non Consultancy Services,2026-10-14 11:00:00,2026-10-05,0,0,THE SIGALAGALA NATIONAL POLYTECHNIC BOARD ROOM,0,154,16,Kakamega,info@sigalagalapoly.ac.ke,0726806105,2026/2027,ocds-5whusi-307462-SNP/OT/SMIC/03,0,https://tenders.go.ke/storage/Documents/1791213680148-tender-notice-for-invitation-of-provision-of-staff-medical-insurance.pdf; https://tenders.go.ke/storage/Documents/1791213680181-tender-document-for-provision-of-staff-medical-insurance.pdf,5 days
307194,GMC/TRPW/ONT/003/2026-2027,Rehabilitation of a Section of Seveni-Kionyweni-Miu Road (Kyethivo-Muthetheni Section),Machakos County Government,Open Tender,Works,2026-10-14 11:00:00,2026-10-02,0,0,"BOARDROOM - DEPARTMENT OF ROADS, TRANSPORT AND PUBLIC WORKS",0,180,3,,jnzambu@gmail.com,+254724849990,2026/2027,ocds-5whusi-307194-GMC/TRPW/ONT/003/2026-2027,0,https://tenders.go.ke/storage/Documents/1790915725548-rehabilitation-of-a-section-of-seveni-kionyweni-miu-road-kyethivo-muthetheni-section.pdf; https://tenders.go.ke/storage/Documents/1790915725585-rehabilitation-of-a-section-of-seveni-kionyweni-miu-road-kyethivo-muthetheni-section.pdf,5 days
307193,GMC/TRPW/ONT/002/2026-2027,Upgrading to Bitumen Standards of a Section of Yaitha-Mbukuni-Makaveti Road,Machakos County Government,Open Tender,Works,2026-10-14 11:00:00,2026-10-02,0,0,"BOARDROOM - DEPARTMENT OF ROADS, TRANSPORT AND PUBLIC WORKS",0,180,3,,jnzambu@gmail.com,+254724849990,2026/2027,ocds-5whusi-307193-GMC/TRPW/ONT/002/2026-2027,0,https://tenders.go.ke/storage/Documents/1790915486087-upgrading-to-bitumen-standards-of-a-section-of-yaitha-mbukuni-makaveti-road.pdf; https://tenders.go.ke/storage/Documents/1790915486115-upgrading-to-bitumen-standards-of-a-section-of-yaitha-mbukuni-makaveti-road.pdf; https://tenders.go.ke/storage/Documents/1790917439478-standard-specification-for-road-and-bridge-construction.pdf,5 days
307192,GMC/TRPW/ONT/001/2026-2027,Construction to Bitumen Standards of a Section of Ekalakala-Masinga-Kaewa Roads,Machakos County Government,Open Tender,Works,2026-10-14 11:00:00,2026-10-02,0,0,"BOARROOM - DEPARTMENT OF ROADS, TRANSPORT AND PUBLIC WORKS",0,180,3,,jnzambu@gmail.com,+254724849990,2026/2027,ocds-5whusi-307192-GMC/TRPW/ONT/001/2026-2027,0,https://tenders.go.ke/storage/Documents/1790915083732-construction-to-bitumen-standards-of-a-section-of-ekalakala-masinga-kaewa-roads.pdf; https://tenders.go.ke/storage/Documents/1790917304064-construction-to-bitumen-standards-of-a-section-of-ekalakala-masinga-kaewa-roads.pdf,5 days
306944,RWC 1069,COMPLETION OF RWC 884 PHASE 2: KAMUKUNJI  – NDANAI – SIONGIROI ROADS,Kenya Rural Roads Authority ,Open Tender,Works,2026-10-14 11:00:00,2026-08-17,0,0,"KENYA RURAL ROADS AUTHORITY, P.O BOX 48151 - 00100, NAIROBI BARABARA PLAZA GROUND FLOOR, SOUTH WING, BLOCK B",0,210,1,,kerra@kerra.go.ke,+254 724 735568/ 020-8013846,2026/2027,ocds-5whusi-306944-RWC1069,0,https://tenders.go.ke/storage/Documents/1790676333216-blank-tender-document-for-completion-of-rwc-884-phase-2-kamukunji-ndanai-siongiroi-roa.pdf; https://tenders.go.ke/storage/Documents/1790676333236-long-advert.pdf; https://tenders.go.ke/storage/Documents/1790676333242-my-gov-extract.pdf; https://tenders.go.ke/storage/Documents/1790676368718-approval-to-publish.pdf,5 days
306942,RWC 1067,"COMPLETION OF ONGATA RONGAI GATAKA ROADS PHASE 2: (KISERIAN TOWN ROADS, JNC C58 - LEWISA KAHARA, OLOIKA - KAMURA, ONGATA RONGAI TOWN ROADS)",Kenya Rural Roads Authority ,Open Tender,Works,2026-10-14 11:00:00,2026-08-17,0,0,"KENYA RURAL ROADS AUTHORITY, P. O BOX 48151 - 00100, NAIROBI, BARABARA PLAZA GROUND FLOOR, SOUTH WING, BLOCK B",0,210,1,,kerra@kerra.go.ke,+254 724 735568/ 020-8013846,2026/2027,ocds-5whusi-306942-RWC1067,0,https://tenders.go.ke/storage/Documents/1790675869726-blank-tender-document-for-completion-of-ongata-rongai-gataka-roads-phase-2-kiserian-to.pdf; https://tenders.go.ke/storage/Documents/1790675869741-long-advert.pdf; https://tenders.go.ke/storage/Documents/1790675869755-my-gov-extract.pdf; https://tenders.go.ke/storage/Documents/1790675899148-approval-to-publish.pdf,5 days
306939,RWC 1065,REHABILITATION OF LEVEL 5 HOSPITAL - KIBUGU - KANGETHIA,Kenya Rural Roads Authority ,Open Tender,Works,2026-10-14 11:00:00,2026-08-17,0,0,"KENYA RURAL ROADS AUTHORITY, P.O BOX 48151 - 00100, NAIROBI, BARABARA PLAZA GROUND FLOOR, SOUTH WING, BLOCK B",0,210,1,,kerra@kerra.go.ke,+254 724 735568/ 020-8013846,2026/2027,ocds-5whusi-306939-RWC1065,0,https://tenders.go.ke/storage/Documents/1790675314997-blank-tender-document-for-rehabilitation-of-level-5-hospital-kibugu-kangethia.pdf; https://tenders.go.ke/storage/Documents/1790675315034-long-advert.pdf; https://tenders.go.ke/storage/Documents/1790675315040-my-gov-extract.pdf; https://tenders.go.ke/storage/Documents/1790675339421-approval-to-publish.pdf,5 days
306925,RWC 1058,COMPLETION OF THE UPGRADING TO BITUMEN STANDARD OF RWC 620 PHASE 2: MUKHWEYA – KABUCHAI – CHEBUKWA / NAMOSI – MARAKARU & BISUNU – SIRISIA ROADS,Kenya Rural Roads Authority ,Open Tender,Works,2026-10-14 11:00:00,2026-08-17,0,0,"KENYA RURAL ROADS AUTHORITY, P.O BOX 48151 - 00100, NAIROBI, BARABARA PLAZA, GROUND FLOOR, SOUTH WING, BLOCK B",0,210,1,,kerra@kerra.go.ke,+254 724 735568/ 020-8013846,2026/2027,ocds-5whusi-306925-RWC1058,0,https://tenders.go.ke/storage/Documents/1790671651429-blank-tender-document-for-completion-of-the-upgrading-to-bitumen-standard-of-rwc-620-p.pdf; https://tenders.go.ke/storage/Documents/1790671651446-long-advert.pdf; https://tenders.go.ke/storage/Documents/1790671651461-my-gov-extract.pdf; https://tenders.go.ke/storage/Documents/1790672917979-approval-to-publish.pdf,5 days
306744,CGN/NVMB/ONT/001/2026-2027,TenderfortheSupplyand Delivery of Waste Skip Bins within Naivasha Municipality,Nakuru County Government,Open Tender,Goods,2026-10-14 11:00:00,2026-09-25,1,3,COUNTY HQ CHAMBERS 1ST FLOOR,0,210,35,,supplychainnakuru@gmail.com,0512214142,2026/2027,ocds-5whusi-306744-CGN/NVMB/ONT/001/2026-2027,0,https://tenders.go.ke/storage/Documents/1790370569559-tenderforthesupplyand-delivery-of-waste-skip-bins-within-naivasha-municipality.pdf; https://tenders.go.ke/storage/Documents/1790370569576-tenderforthesupplyand-delivery-of-waste-skip-bins-within-naivasha-municipality.pdf,5 days
306743,CGN/NVMB/ONT/003/2026-2027,Tender for the Proposed Non-Motorized Transport (NMT) & Paved Parking Within Naivasha CBD Roads in Naivasha Municipality,Nakuru County Government,Open Tender,Works,2026-10-14 11:00:00,2026-09-25,1,1,COUNTY HQ CHAMBERS 1ST FLOOR,0,210,35,,supplychainnakuru@gmail.com,0512214142,2026/2027,ocds-5whusi-306743-CGN/NVMB/ONT/003/2026-2027,0,https://tenders.go.ke/storage/Documents/1790370463141-tender-for-the-proposed-non-motorized-transport-nmt-paved-parking-within-naivasha-cbd-.pdf; https://tenders.go.ke/storage/Documents/1790370463170-tender-for-the-proposed-non-motorized-transport-nmt-paved-parking-within-naivasha-cbd-.pdf,5 days
306742,CGN/NVMB/ONT/002/2026-2027,Tender for the Proposed construction of Naivasha Disaster and risk reduction station in Naivasha Municipality,Nakuru County Government,Open Tender,Works,2026-10-14 11:00:00,2026-09-25,1,1,COUNTY HQ CHAMBERS 1ST FLOOR,0,210,35,,supplychainnakuru@gmail.com,0512214142,2026/2027,ocds-5whusi-306742-CGN/NVMB/ONT/002/2026-2027,0,https://tenders.go.ke/storage/Documents/1790370354668-tender-for-the-proposed-construction-of-naivasha-disaster-and-risk-reduction-station-i.pdf; https://tenders.go.ke/storage/Documents/1790370354687-tender-for-the-proposed-construction-of-naivasha-disaster-and-risk-reduction-station-i.pdf,5 days
307009,NG-CDF/BTL/01/01/R3NO/BPS/2026-2027,PROPOSED RENOVATIONS TO COMPLECTION OF 3 CLASSROOMSAT BULWANI PRIMARY SCHOOL.,BUTULA NGCDF,Open Tender,Works,2026-10-14 12:00:00,2026-09-30,0,0,BULWANI PRIMARY SCHOOL BOARDROOM,0,150,19,BUTULA,cdfbutula@ngcdf.go.ke,+254 721 956390,2026/2027,ocds-5whusi-307009-NG-CDF/BTL/01/01/R3NO/BPS/2026-2027,0,https://tenders.go.ke/storage/Documents/1790761107542-proposed-construction-of-3classrooms-at-bulwani-primary.pdf,5 days
307012,NG-CDF/BTL/01/R4NOCL/EPS/2026-2027,PROPOSED RENOVATIONS TO COMPLECTION OF 4CLASSROOMS AT EMAGOMBE PRIMARY SCHOOL.,BUTULA NGCDF,Open Tender,Works,2026-10-14 14:00:00,2026-09-30,0,0,EMAGOMBE PRIMARY SCHOOL,0,150,19,BUTULA,cdfbutula@ngcdf.go.ke,+254 721 956390,2026/2027,ocds-5whusi-307012-NG-CDF/BTL/01/R4NOCL/EPS/2026-2027,0,https://tenders.go.ke/storage/Documents/1790761581638-proposed-renovations-to-complection-of-4-classrooms-at-emagombe-primary-school.pdf,5 days
306967,2412733-2026/2027,TENDER FOR PROVISION OF MEDICAL INSURANCE COVER FOR HON.MEMBERS AND STAFF OF THE COUNTY ASSEMBLY 2026-2027,County Assembly Of Makueni,Open Tender,Non Consultancy Services,2026-10-14 15:33:00,2026-09-29,0,0,ONLINE- IFMIS SYSTEM,0,120,4,,info@makueniassembly.go.ke,0714392799,2026/2027,ocds-5whusi-306967-2412733-2026/2027,0,https://tenders.go.ke/storage/Documents/1790686463424-tender-document.pdf,6 days
307311,EMBA/284/2025-2026/003,PROPOSED CONSTRUCTION OF 3NO. CLASSROOMS AT BONDENI PRIMARY SCHOOL,EMBAKASI CENTRAL NGCDF,Open Tender,Works,2026-10-15 00:00:00,2026-10-02,1,1,EMBAKASI CENTRAL NG CDF BOARD ROOM,1000,180,1,Nairobi,cdfembakasicentral@ngcdf.go.ke,+254 721 934256,2025/2026,ocds-5whusi-307311-EMBA/284/2025-2026/003,0,https://tenders.go.ke/storage/Documents/1790947473910-advert.pdf; https://tenders.go.ke/storage/Documents/1790947473939-proposed-construction-of-3no-classrooms-at-bondeni-primary-school.pdf,6 days
306160,RFX NO. 1000001612,Supply and Delivery of Cross Arms - Open to Youth,Rural Electrification Authority,Open Tender,Goods,2026-10-15 00:00:00,2026-09-15,1,1,"KAWI COMPLEX, SOUTH C",0,133,1,,info@rea.co.ke,0709193645,2026/2027,ocds-5whusi-306160-RFXNO.1000001612,0,https://tenders.go.ke/storage/Documents/1790055998233-tender-document.pdf; https://tenders.go.ke/storage/Documents/1790055998271-invitation-to-tender.pdf; https://tenders.go.ke/storage/Documents/1790055998276-advert.pdf,6 days
306159,RFX NO. 1000001611,Supply and Delivery of Cross Arms,Rural Electrification Authority,Open Tender,Goods,2026-10-15 00:00:00,2026-09-15,1,1,"KAWI COMPLEX, SOUTH C",0,133,1,,info@rea.co.ke,0709193645,2026/2027,ocds-5whusi-306159-RFXNO.1000001611,0,https://tenders.go.ke/storage/Documents/1790055809269-tender-document.pdf; https://tenders.go.ke/storage/Documents/1790055809288-invitation-to-tender.pdf; https://tenders.go.ke/storage/Documents/1790055809296-advert.pdf,6 days
306157,RFX NO. 1000001610,Supply and Delivery of Concrete Poles - Open to Manufactures,Rural Electrification Authority,Open Tender,Goods,2026-10-15 00:00:00,2026-09-15,1,1,"KAWI COMPLEX, SOUTH C",0,133,1,,info@rea.co.ke,0709193645,2026/2027,ocds-5whusi-306157-RFXNO.1000001610,0,https://tenders.go.ke/storage/Documents/1790055618532-tender-document.pdf; https://tenders.go.ke/storage/Documents/1790055618550-invitation-to-tender.pdf; https://tenders.go.ke/storage/Documents/1790055618554-advert.pdf,6 days
306156,RFX NO. 1000001609,Supply and Delivery of Concrete Pole Fittings - Open to Manufactures,Rural Electrification Authority,Open Tender,Goods,2026-10-15 00:00:00,2026-09-15,1,1,"KAWI COMPLEX, SOUTH C",0,133,1,,info@rea.co.ke,0709193645,2026/2027,ocds-5whusi-306156-RFXNO.1000001609,0,https://tenders.go.ke/storage/Documents/1790055460615-tender-document.pdf; https://tenders.go.ke/storage/Documents/1790055460630-invitation-to-tender.pdf; https://tenders.go.ke/storage/Documents/1790055460646-advert.pdf,6 days
303802,TKNP/SIFA/RFB/CW/26/1,BLUE SKILLS TRAINING FOR EMPLOYMENT PROJECT (B-STEP),THE KISUMU NATIONAL POLYTECHNIC,Open Tender,Works,2026-10-15 00:00:00,2026-08-20,1,4,The Multipurpose Hall of the  The Kisumu National Polytechnic,0,120,21,KISUMU,info@kisumupoly.ac.ke,0723446773,2026/2027,ocds-5whusi-303802-TKNP/SIFA/RFB/CW/26/1,0,https://tenders.go.ke/storage/Documents/1787160161903-tender-document-in-pdf.pdf; https://tenders.go.ke/storage/Documents/1787160161935-drawings.pdf; https://tenders.go.ke/storage/Documents/1787160161961-bill-of-quantities.pdf; https://tenders.go.ke/storage/Documents/1787160161976-tender-notice.pdf,6 days
307821,2423818-2026/2027,SUPPLY & DELIVERY OF 150CC MOTORCYCLES FOR WARD WATER OFFICERS,Makueni County Government,Open Tender,Goods,2026-10-15 10:00:00,2026-10-08,0,0,online,0,140,4,,mail@makueni.go.ke,020-2034944,2026/2027,ocds-5whusi-307821-2423818-2026/2027,0,https://tenders.go.ke/storage/Documents/1791439567349-supply-delivery-of-150cc-motorcycles-for-ward-water-officers.pdf,6 days
307728,BUN/DCC/CONST/01/2026-2027,PROPOSED REHABILITATION OF DEPUTY COUNTY COMMISSIONER'S OFFICE-BUNYALA SUB COUNTY,BUNYALA SUB COUNTY,Open Tender,Works,2026-10-15 10:00:00,2026-10-07,0,0,BUDALANGI DIVISION ACC'S OFFICE,0,150,19,BUDALANGI,dccbunyala@gmail.com,+254 721 528009,2026/2027,ocds-5whusi-307728-BUN/DCC/CONST/01/2026-2027,0,https://tenders.go.ke/storage/Documents/1791371811611-tender-documents.pdf; https://tenders.go.ke/storage/Documents/1791371811637-tender-notice.pdf; https://tenders.go.ke/storage/Documents/1791372404122-bq.pdf; https://tenders.go.ke/storage/Documents/1791372404141-cover-page.pdf; https://tenders.go.ke/storage/Documents/1791372404147-diagrams.pdf; https://tenders.go.ke/storage/Documents/1791372404164-approval-by-accounting-officer.pdf,6 days
307449,EMBA/284/2025-2026/005,PROPOSED CONSTRUCTION OF GIRLS TOILET BLOCK AT BONDENI PRIMARY SCHOOL,EMBAKASI CENTRAL NGCDF,Open Tender,Works,2026-10-15 10:00:00,2026-10-05,0,0,EMBAKASI CENTRAL NG-CDF BOARD ROOM,1000,180,1,Nairobi,cdfembakasicentral@ngcdf.go.ke,+254 721 934256,2025/2026,ocds-5whusi-307449-EMBA/284/2025-2026/005,0,https://tenders.go.ke/storage/Documents/1791203568342-advert.pdf; https://tenders.go.ke/storage/Documents/1791203568377-proposed-construction-of-girls-toilet-block-at-bondeni-primary-school.pdf,6 days
307229,MKRH/T/23/2026-2027,"TENDER FOR COMPREHENSIVE MAINTENANCE AND SERVICING OF THEATRE, ICU, FAREWELL HOME, LAUNDRY AND KITCHEN EQUIPMENT",MWAI KIBAKI REFERRAL HOSPITAL,Open Tender,Works,2026-10-15 10:00:00,2026-10-02,0,0,MWAI KIBAKI REFERRAL HOSPITAL,0,119,44,Othaya,knhothayaadmin@knh.or.ke,+254 769 472434,2026/2027,ocds-5whusi-307229-MKRH/T/23/2026-2027,0,https://tenders.go.ke/storage/Documents/1790926155583-tender-for-comprehensive-maintenance-and-servicing-of-theatre-icu-farewell-home-laundr.pdf,6 days
307228,MKRH/T/41/2026-2027,TENDER FOR COMPREHENSIVE MAINTENANCE SERVICE OF OXYGEN PLANT 2X750LPM,MWAI KIBAKI REFERRAL HOSPITAL,Open Tender,Works,2026-10-15 10:00:00,2026-10-02,0,0,MWAI KIBAKI REFERRAL HOSPITAL,0,119,44,Othaya,knhothayaadmin@knh.or.ke,+254 769 472434,2026/2027,ocds-5whusi-307228-MKRH/T/41/2026-2027,0,https://tenders.go.ke/storage/Documents/1790925987925-tender-for-comprehensive-maintenance-service-of-oxygen-plant-2x750lpm.pdf,6 days
307177,2418049,PROVISION OF EVENT MANAGEMENT SERVICES FOR DISASTER MANAGEMENT PREPAREDNESS FOR URBAN AREAS,Kisii County Government,Open Tender,Non Consultancy Services,2026-10-15 10:00:00,2026-10-01,0,0,Kisii Municipality Executive Boardroom,0,140,24,,procurement@kisii.go.ke,+254701568734,2026/2027,ocds-5whusi-307177-2418049,0,https://tenders.go.ke/storage/Documents/1790865533768-advert.pdf; https://tenders.go.ke/storage/Documents/1790865533796-tender-document.pdf,6 days
307176,2417753-2026/2027,PROVISION OF EVENT MANAGEMENT SERVICES FOR CIRCULAR ECONOMY AND SOLID WASTE SUSTAINABILTY AWARENESS CAMPAIGN WITHIN KISII MUNICIPALITY,Kisii County Government,Open Tender,Non Consultancy Services,2026-10-15 10:00:00,2026-10-01,0,0,Kisii Municipality Board Room,0,140,24,,procurement@kisii.go.ke,+254701568734,2026/2027,ocds-5whusi-307176-2417753-2026/2027,0,https://tenders.go.ke/storage/Documents/1790865320407-advert.pdf; https://tenders.go.ke/storage/Documents/1790865320446-tender-document.pdf,6 days
307167,KMTC/002/2026-2027,Tender Document for Provision of Insurance Brokerage and Administration Services for Financial years 2026-2027 and 2027-2028,Kenya Medical training College,Open Tender,Non Consultancy Services,2026-10-15 10:00:00,2026-10-01,0,0,KMTC HEADQUARTER RESOURCE CENTER GROUND FLOOR,0,140,1,,info@kmtc.ac.ke,0202725711/14,2026/2027,ocds-5whusi-307167-KMTC/002/2026-2027,0,https://tenders.go.ke/storage/Documents/1790860720860-tender-notice-for-provision-of-insurance-brokerage-services.pdf; https://tenders.go.ke/storage/Documents/1790860720897-tender-document-for-provision-of-general-insurance-brokerage-and-administration-servic.pdf,6 days
307166,KMTC/003/2026-2027,Provision of Insurance Brokerage Services for Group Personal Accident Cover (GPA) and Comprehensive Medical Cover for Board Members,Kenya Medical training College,Open Tender,Non Consultancy Services,2026-10-15 10:00:00,2026-10-01,0,0,KMTC Headquarters,0,140,1,,info@kmtc.ac.ke,0202725711/14,2026/2027,ocds-5whusi-307166-KMTC/003/2026-2027,0,https://tenders.go.ke/storage/Documents/1790859780997-tender-notice.pdf; https://tenders.go.ke/storage/Documents/1790859781035-tender-document.pdf,6 days
307158,KMTC/001/2026-2027,PROVISION OF COMPREHENSIVE MEDICAL INSURANCE BROKERAGE AND SCHEME ADMINISTRATION SERVICES.,Kenya Medical training College,Open Tender,Non Consultancy Services,2026-10-15 10:00:00,2026-10-01,0,0,"KENYA MEDICAL TRAINING COLLEGE -HEADQUARTERS ADMINISTRATION BLOCK, AT KMTC RESOURCE CENTRE, GROUND FLOOR.",5000000,140,1,,info@kmtc.ac.ke,0202725711/14,2026/2027,ocds-5whusi-307158-KMTC/001/2026-2027,0,https://tenders.go.ke/storage/Documents/1790858550359-tender-notice.pdf; https://tenders.go.ke/storage/Documents/1790858550402-tender-document.pdf,6 days
307137,CGK/MOM/OT/003/2026/2027,Supply And Delivery Of Two (2) Six(6)-Ton Fabricated Hydraulic Tipping Covered Garbage Trailer,Kilifi County Government,Open Tender,Goods,2026-10-15 10:00:00,2026-10-01,0,0,MALINDI MUNICIPALITY PROCUREMENT OFFICE,0,150,7,,info@kilifi.go.ke,0736001003,2026/2027,ocds-5whusi-307137-CGK/MOM/OT/003/2026/2027,0,https://tenders.go.ke/storage/Documents/1790851622777-supply-and-delivery-of-two-2-six6-ton-fabricated-hydraulic-tipping-covered-garbage-tra.pdf; https://tenders.go.ke/storage/Documents/1790851622798-supply-and-delivery-of-two-2-six6-ton-fabricated-hydraulic-tipping-covered-garbage-tra.pdf,6 days
307084,NG-CDF/BTL/01/R2NO/MPS/2026-2027,PROPOSED RENOVATIONS TO COMPLECTION OF 2 CLASSROOMS AT MAUKO DEB  PRIMARY SCHOOL.,BUTULA NGCDF,Open Tender,Works,2026-10-15 10:00:00,2026-10-01,0,0,MAUKO PRIMARY SCHOOL BOARDROOM,0,150,19,BUTULA,cdfbutula@ngcdf.go.ke,+254 721 956390,2026/2027,ocds-5whusi-307084-NG-CDF/BTL/01/R2NO/MPS/2026-2027,0,https://tenders.go.ke/storage/Documents/1790837676077-proposed-renovations-of-2-classrooms-at-mauko-beb-primary-school.pdf,6 days
307128,NGAAF/KJD/001/206-2027,SUPPLY / DELIVERY OF SANITARY TOWELS TO PUBLIC PRIMARY & JUNIOR SCHOOLS BY AGPO CATEGORIES,COUNTY COMMISSIONER KAJIADO,Open Tender,Goods,2026-10-15 10:30:00,2026-10-01,0,0,COUNTY COMMISSIONER'S BOARDROOM KAJIADO,0,180,6,KAJIADO,kajiadocc2012@gmail.com,+254722285076,2026/2027,ocds-5whusi-307128-NGAAF/KJD/001/206-2027,0,https://tenders.go.ke/storage/Documents/1790849596216-tender-notice.pdf; https://tenders.go.ke/storage/Documents/1790849596255-tender-document.pdf,6 days
307779,TCG/PSB/02/OPEN/2026-2027 NEG NO:2419172.,COMPLETION OF BOARDROOM BLOCKS AT THE COUNTY PUBLIC SERVICE BOARD,Turkana County Government,Open Tender,Works,2026-10-15 11:00:00,2026-10-07,0,0,Procurement Headquarters,0,180,26,,supplychainoffice@turkana.go.ke,N/A,2026/2027,ocds-5whusi-307779-TCG/PSB/02/OPEN/2026-2027NEGNO:2419172.,0,https://tenders.go.ke/storage/Documents/1791379670908-completion-of-boardroom-blocks-at-the-county-public-service-board.pdf; https://tenders.go.ke/storage/Documents/1791379670948-completion-of-boardroom-blocks-at-the-county-public-service-board.pdf,6 days
307745,NG-CDF/MRKTW/MARAKWET BOYS-BUS/4-0028-148-2630205-104/2026-2027,SUPPLY AND DELIVERY OF 62 SEATER SCHOOL BUS,MARAKWET WEST NGCDF,Open Tender,Goods,2026-10-15 11:00:00,2026-10-07,0,0,"NGCDF OFFICE,S KAPSOWAR",0,160,30,Kapsowar,cdfmarakwetwest@ngcdf.go.ke,+254 772 144071,2026/2027,ocds-5whusi-307745-NG-CDF/MRKTW/MARAKWETBOYS-BUS/4-0028-148-2630205-104/2026-2027,0,https://tenders.go.ke/storage/Documents/1791375062630-supply-and-delivery-of-62-seater-school-bus.pdf; https://tenders.go.ke/storage/Documents/1791375062650-supply-and-delivery-of-62-seater-school-bus.pdf,6 days
307738,NG-CDF/MRKTW/ST STEPHEN KOITUGUM SECONDARY SCHOOl/1/4-0028-148-2630205-104/2026-2027,SUPPLY AND DELIVERY OF 51 SEATER SCHOOL BUS,MARAKWET WEST NGCDF,Open Tender,Goods,2026-10-15 11:00:00,2026-10-07,0,0,NGCDF OFFICE'S KAPSOWAR,0,160,30,Kapsowar,cdfmarakwetwest@ngcdf.go.ke,+254 772 144071,2026/2027,ocds-5whusi-307738-NG-CDF/MRKTW/STSTEPHENKOITUGUMSECONDARYSCHOOl/1/4-0028-148-2630205-104/2026-2027,0,https://tenders.go.ke/storage/Documents/1791374338326-supply-and-delivery-of-51-seater-school-bus.pdf; https://tenders.go.ke/storage/Documents/1791374338338-supply-and-delivery-of-51-seater-school-bus.pdf,6 days
307735,NG-CDF/MRKTW/KOISUNGUR  SECONDARY SCHOOL/1/4-0028-148-2630205-104/2026-2027,SUPPLY AND DELIVERY OF 51 SEATEWR SCHOOL BUS,MARAKWET WEST NGCDF,Open Tender,Goods,2026-10-15 11:00:00,2026-10-07,0,0,NGCDF OFFICE'S KAPSOWAR,0,160,30,Kapsowar,cdfmarakwetwest@ngcdf.go.ke,+254 772 144071,2026/2027,ocds-5whusi-307735-NG-CDF/MRKTW/KOISUNGURSECONDARYSCHOOL/1/4-0028-148-2630205-104/2026-2027,0,https://tenders.go.ke/storage/Documents/1791373658317-supply-and-delivery-of-51-seater-school-bus.pdf; https://tenders.go.ke/storage/Documents/1791373658337-supply-and-delivery-of-51-seater-school-bus.pdf,6 days
307729,NG-CDF/MRKTW/KOISUNGUR SECONDARY SCHOOL/4-0028-148-2630205-104/2026-2027,SUPPLY AND DELIVERY OF 51 SEATER SCHOOL BUS,MARAKWET WEST NGCDF,Open Tender,Goods,2026-10-15 11:00:00,2026-10-07,0,0,NG-CDF OFFICE'S KAPSOWAR,0,160,30,Kapsowar,cdfmarakwetwest@ngcdf.go.ke,+254 772 144071,2026/2027,ocds-5whusi-307729-NG-CDF/MRKTW/KOISUNGURSECONDARYSCHOOL/4-0028-148-2630205-104/2026-2027,0,https://tenders.go.ke/storage/Documents/1791372277634-supply-and-delivery-of-51-seater-school-bus.pdf; https://tenders.go.ke/storage/Documents/1791372277655-supply-and-delivery-of-51-seater-school-bus.pdf,6 days
307723,NG-CDF/MRKTW/CHEPTONGEI DAY SECONDARY SCHOOL/4-0028-148-2630205-104/2026-2027,SUPPLY AND DELIVERY OF 51 SEATER BUS,MARAKWET WEST NGCDF,Open Tender,Goods,2026-10-15 11:00:00,2026-10-07,0,0,NG-CDF OFFICES KAPSOWAR,0,160,30,Kapsowar,cdfmarakwetwest@ngcdf.go.ke,+254 772 144071,2026/2027,ocds-5whusi-307723-NG-CDF/MRKTW/CHEPTONGEIDAYSECONDARYSCHOOL/4-0028-148-2630205-104/2026-2027,0,https://tenders.go.ke/storage/Documents/1791370525330-upply-and-delivery-of-51-seater-bus.pdf; https://tenders.go.ke/storage/Documents/1791370525351-upply-and-delivery-of-51-seater-bus.pdf,6 days
307688,KBU/NG/26/2026-2028/KKY (003),"PROPOSED RENOVATION TO COMPLETION OF 15NO. CLASSROOMS, 300 CAPACITY HALL, AND ADMINISTRATION BLOCK KAMANGU PRIMARY SCHOOL.",NG CDF KIKUYU,Open Tender,Works,2026-10-15 11:00:00,2026-10-07,0,0,"NG CDF OFFICE, KIKUYU",0,150,5,KIKUYU,kikuyucdf@gmail.com,+254 712 441442,2026/2027,ocds-5whusi-307688-KBU/NG/26/2026-2028/KKY(003),0,https://tenders.go.ke/storage/Documents/1791363285207-tender-document.pdf; https://tenders.go.ke/storage/Documents/1791363285219-tender-notice.pdf,6 days
307569,WCG/OT/EDU/07/2026-2027,"SUPPLY, DELIVERY AND TRANSPORTATION OF SANITARY PADS TO WAJIR COUNTY GIRLS SCHOOLS",Wajir County Government,Open Tender,Goods,2026-10-15 11:00:00,2026-10-05,0,0,2)	GOVERNOR ‘S	OFFICE-	COUNTY	GOVERNMENT	OF	WAJIR HEADQUARTERS GROUND FLOOR,0,150,11,,info@wajir.go.ke,0,2026/2027,ocds-5whusi-307569-WCG/OT/EDU/07/2026-2027,0,https://tenders.go.ke/storage/Documents/1791288844990-supply-delivery-and-transportation-of-sanitary-pads-to-wajir-county-girls-schools.pdf,6 days
307564,WCG/OT/EDU/06/2026-2027,"SUPPLY, DELIVERY AND TRANSPORTATION OF DURABLE PLASTIC CHAIRS AND TABLES FOR WAJIR ECDE SCHOOLS",Wajir County Government,Open Tender,Goods,2026-10-15 11:00:00,2026-10-05,0,0,2)	GOVERNOR ‘S	OFFICE-	COUNTY	GOVERNMENT	OF	WAJIR HEADQUARTERS GROUND FLOOR,0,150,11,,info@wajir.go.ke,0,2026/2027,ocds-5whusi-307564-WCG/OT/EDU/06/2026-2027,0,https://tenders.go.ke/storage/Documents/1791288292925-upply-delivery-and-transportation-of-durable-plastic-chairs-and-tables-for-wajir-ecde-.pdf,6 days
307559,WCG/W/OT/011/2026-2027,SUPPLY & DELIVERY OF GENERATORS FOR WAJIR COUNTY,Wajir County Government,Open Tender,Goods,2026-10-15 11:00:00,2026-10-05,0,0,"GOVERNOR’S OFFICE, COUNTY GOVERNMENT OF WAJIR HEADQUARTERS GROUND FLOOR",0,146,11,,info@wajir.go.ke,0,2026/2027,ocds-5whusi-307559-WCG/W/OT/011/2026-2027,0,https://tenders.go.ke/storage/Documents/1791300121786-supply-delivery-of-generators-for-wajir-county.pdf,6 days
307558,WCG/EDU/OT/05/2026- 2027,"SUPPLY, DELIVERY AND TRANSPORTATION OF FORTIFIED PORRIDGE (CSB) FOR ECDE SCHOOL MEALS PROGRAMME TO ALL ECDE CENTRES",Wajir County Government,Open Tender,Goods,2026-10-15 11:00:00,2026-10-05,0,0,2)	GOVERNOR ‘S	OFFICE-	COUNTY	GOVERNMENT	OF	WAJIR HEADQUARTERS GROUND FLOOR,0,149,11,,info@wajir.go.ke,0,2026/2027,ocds-5whusi-307558-WCG/EDU/OT/05/2026-2027,0,https://tenders.go.ke/storage/Documents/1791287201216-upply-delivery-and-transportation-of-fortified-porridge-csb-for-ecde-school-meals-prog.pdf,6 days
307555,WCG/FIN/OT/04/2026-2027,PROPOSED CONSTRUCTION OF WAJIR COUNTY ARCHIVES IN WAJIR TOWN,Wajir County Government,Open Tender,Works,2026-10-15 11:00:00,2026-10-05,0,0,"GOVERNOR’S OFFICE, COUNTY GOVERNMENT OF WAJIR HEADQUARTERS GROUND FLOOR",0,150,11,,info@wajir.go.ke,0,2026/2027,ocds-5whusi-307555-WCG/FIN/OT/04/2026-2027,0,https://tenders.go.ke/storage/Documents/1791295384802-proposed-construction-of-wajir-county-archives-in-wajir-town.pdf,6 days
307540,WCG/H/OT/03/2026-2027,PROPOSED UPGRADING OF KORONDILLE HEALTH CENTRE,Wajir County Government,Open Tender,Works,2026-10-15 11:00:00,2026-10-05,0,0,"GOVERNOR’S OFFICE, COUNTY GOVERNMENT OF WAJIR HEADQUARTERS GROUND FLOOR",0,150,11,,info@wajir.go.ke,0,2026/2027,ocds-5whusi-307540-WCG/H/OT/03/2026-2027,0,https://tenders.go.ke/storage/Documents/1791281075154-proposed-upgrading-of-korondille-health-centre.pdf,6 days
307537,WCG/H/OT/02/2026-2027,PROPOSED UPGRADING OF TULATULA HEALTH CENTRE,Wajir County Government,Open Tender,Works,2026-10-15 11:00:00,2026-10-05,0,0,"GOVERNOR’S OFFICE, COUNTY GOVERNMENT OF WAJIR HEADQUARTERS GROUND FLOOR",0,147,11,,info@wajir.go.ke,0,2026/2027,ocds-5whusi-307537-WCG/H/OT/02/2026-2027,0,https://tenders.go.ke/storage/Documents/1791280742330-proposed-upgrading-of-tulatula-health-centre.pdf,6 days
307533,EMC/CC/01/2026-2027,PROPOSED CONSTRUCTION TO COMPLETION OF OFFICE BLOCK  FOR THE COUNTY COMMISSIONER-ELGEYO MARAKWET,DEPUTY COUNTY COMMISSIONER KEIYO NORTH SUB COUNTY,Open Tender,Works,2026-10-15 11:00:00,2026-10-06,0,0,COUNTY COMMISSIONER'S BOARDROOM -ELGEYO MARAKWET,0,156,30,ITEN,dckeiyonorth@gmail.com,(053) 42007,2026/2027,ocds-5whusi-307533-EMC/CC/01/2026-2027,0,https://tenders.go.ke/storage/Documents/1791280386633-proposed-construction-to-completion-of-office-block-for-the-county-commissioner-elgeyo.pdf; https://tenders.go.ke/storage/Documents/1791280386744-proposed-construction-to-completion-of-office-block-for-the-county-commissioner-elgeyo.pdf; https://tenders.go.ke/storage/Documents/1791280386770-proposed-construction-to-completion-of-office-block-for-the-county-commissioner-elgeyo.pdf,6 days
307530,WCG/TRD/OT/01/2026-2027,PROPOSED REFURBISMENT WORKS AND CONSTRUCTION OF NEW SLAUGHTER HOUSE AT MAKAROR,Wajir County Government,Open Tender,Works,2026-10-15 11:00:00,2026-10-05,0,0,"GOVERNOR’S OFFICE, COUNTY GOVERNMENT OF WAJIR HEADQUARTERS GROUND FLOOR",0,150,11,,info@wajir.go.ke,0,2026/2027,ocds-5whusi-307530-WCG/TRD/OT/01/2026-2027,0,https://tenders.go.ke/storage/Documents/1791280144064-roposed-refurbisment-works-and-construction-of-new-slaughter-house-at-makaror.pdf,6 days
307508,TENDER NO. WCG/W/OT/09/2026-2027,"CONSTRUCTION OF A 90,000 M³ WATER PAN AND CONTINGENCY BOREHOLEFORAUSMUDULE COMMUNITY IN WARGADUUD WARD, TARBAJ SUB-COUNTY, WAJIRCOUNTY",Wajir County Government,Open Tender,Works,2026-10-15 11:00:00,2026-10-05,0,0,"GOVERNOR’S OFFICE, COUNTY GOVERNMENT OF WAJIR HEADQUARTERS GROUNDFLOOR",0,120,11,,info@wajir.go.ke,0,2026/2027,ocds-5whusi-307508-TENDERNO.WCG/W/OT/09/2026-2027,0,https://tenders.go.ke/storage/Documents/1791275312542-construction-of-a-90000-m3-water-pan-and-contingency-boreholeforausmudule-community-in.pdf,6 days
307470,IEBC/OT/26/003/2026- 2027,PROVISION OF BULK SMS SERVICES,Independent Electoral and Boundaries Commission,Open Tender,Non Consultancy Services,2026-10-15 11:00:00,2026-10-05,0,0,"Anniversary Towers, University Way, Fifth Floor P O Box 45371-00100",0,210,1,Nairobi,info@iebc.or.ke,(+254) 020 - 2877000,2026/2027,ocds-5whusi-307470-IEBC/OT/26/003/2026-2027,0,https://tenders.go.ke/storage/Documents/1791226626535-provision-of-bulk-sms-services.pdf,6 days
307469,IEBC/RFP/01/2026–2027,REQUEST FOR PROPOSAL FOR AUDIT OF ELECTION  TECHNOLOGY,Independent Electoral and Boundaries Commission,Request for Proposals,Consultancy Services,2026-10-15 11:00:00,2026-10-05,0,0,"Anniversary Towers, University Way, Fifth Floor",0,120,1,Nairobi,info@iebc.or.ke,(+254) 020 - 2877000,2026/2027,ocds-5whusi-307469-IEBC/RFP/01/2026–2027,0,https://tenders.go.ke/storage/Documents/1791226262516-request-for-proposal-for-audit-of-election-technology.pdf,6 days
307398,2419121-2026/2027,CONSULTANCY SERVICES TO UNDERTAKE ENVIRONMENTAL IMPACT  ASSESSMENT FOR PROPOSED PROJECTS AND ENVIRONMENTAL AUDITS ON  COUNTY PROJECTS UNDER THE KENYA DEVOLUTION SUPPORT PROGRAM  PHASE 2 FOR NYANDARUA COUNTY,Nyandarua County Government,Request for Proposals,Consultancy Services,2026-10-15 11:00:00,2026-10-05,0,0,Nyandarua HQ,0,140,32,,info@nyandaruacounty.or.ke,02026660859,2026/2027,ocds-5whusi-307398-2419121-2026/2027,0,https://tenders.go.ke/storage/Documents/1791184838362-consultancy-services-to-undertake-environmental-impact-assessment-for-proposed-project.pdf,6 days
307270,TNCG/06/2026-2027,PROPOSED CONSTRUCTION OF COUNTY AGGREGATION AND INDUSTRIAL PARKS,Tharaka-Nithi County Government,Open Tender,Works,2026-10-15 11:00:00,2026-09-30,0,0,County Headquarters Kathwana,0,120,42,,info@tharakanithi.go.ke,+254709617000,2026/2027,ocds-5whusi-307270-TNCG/06/2026-2027,0,https://tenders.go.ke/storage/Documents/1790936067599-advert.pdf; https://tenders.go.ke/storage/Documents/1790936067658-tender-document.pdf,6 days
305934,THIWASCO/EOI/001/SPVS/2026-2027,"Expression of intrest to procure a private partner for design, build, finance, operate and transfer of a 600KWP solar pv system at the main treatment works",Thika Water and Sewerage Company Ltd.,Expression of Interest,Consultancy Services,2026-10-15 11:00:00,2026-09-18,0,0,Thika Water HQ,0,182,1,,info@thikawater.co.ke,0724-418-444     ,2026/2027,ocds-5whusi-305934-THIWASCO/EOI/001/SPVS/2026-2027,0,https://tenders.go.ke/storage/Documents/1789715969810-expression-of-intrest-to-procure-a-private-partner-for-design-build-finance-operate-an.pdf,6 days
307093,NG-CDF/BTL/01/SL/MSS/2026-2027,PROPOSED CONSTRUCTION TO COMPLECTION OF A 45-STUDENTS CAPACITY SCIENCE LABORATORY AT MUSIBIRIRI SECONDARY SCHOOL.,BUTULA NGCDF,Open Tender,Works,2026-10-15 12:00:00,2026-10-01,0,0,MUSIBIRIRI SECONDARY BOARDROOM,0,150,19,BUTULA,cdfbutula@ngcdf.go.ke,+254 721 956390,2026/2027,ocds-5whusi-307093-NG-CDF/BTL/01/SL/MSS/2026-2027,0,https://tenders.go.ke/storage/Documents/1790838987616-proposed-construction-to-complection-of-a-45-students-capacity-science-laboratory-at-m.pdf,6 days
306989,CRVWWDA/WP/EQ/KIBOITAI WATER PAN/PAN/4/2026-2027,"CONSTRUCTION OF KIBOITAI WATER PAN IN NAROK WEST SUB-COUNTY, NAROK COUNTY",Central Rift Valley Water Works Development Agency,Open Tender,Works,2026-10-15 12:00:00,2026-09-29,0,0,"CENTRAL RIFT VALLEY WATER WORKS DEVELOPMENT AGENCY Maji Plaza, Prisons Road",250000,120,1,,wsakuda@rvwsb.go.ke,0723095945,2026/2027,ocds-5whusi-306989-CRVWWDA/WP/EQ/KIBOITAIWATERPAN/PAN/4/2026-2027,0,https://tenders.go.ke/storage/Documents/1790750188418-tender-document.pdf; https://tenders.go.ke/storage/Documents/1790750188446-tender-notice.pdf,6 days
306988,CRVWWDA/EQ/BRG/TIMBOIYWO/BH/1/2026-2027,"DRILLING, EQUIPPING & CIVIL WORKS FOR TIMBOIYWO BOREHOLE IN BARINGO CENTRAL, BARINGO COUNTY",Central Rift Valley Water Works Development Agency,Open Tender,Works,2026-10-15 12:00:00,2026-09-29,0,0,"CENTRAL RIFT VALLEY WATER WORKS DEVELOPMENT AGENCY Maji Plaza, Prisons Road",250000,120,1,,wsakuda@rvwsb.go.ke,0723095945,2026/2027,ocds-5whusi-306988-CRVWWDA/EQ/BRG/TIMBOIYWO/BH/1/2026-2027,0,https://tenders.go.ke/storage/Documents/1790750050232-tender-document.pdf; https://tenders.go.ke/storage/Documents/1790750050268-tender-notice.pdf,6 days
306987,CRVWWDA/EQ/NRK/OLE TOTONA/BH/2026-2027,"DRILLING, EQUIPPING & CIVIL WORKS FOR OLE TOTONA ACHIEVERS’ BOREHOLE IN NAROK SOUTH, NAROK COUNTY",Central Rift Valley Water Works Development Agency,Open Tender,Works,2026-10-15 12:00:00,2026-09-29,0,0,"CENTRAL RIFT VALLEY WATER WORKS DEVELOPMENT AGENCY Maji Plaza, Prisons Road",0,120,1,,wsakuda@rvwsb.go.ke,0723095945,2026/2027,ocds-5whusi-306987-CRVWWDA/EQ/NRK/OLETOTONA/BH/2026-2027,0,https://tenders.go.ke/storage/Documents/1790749875804-tender-document.pdf; https://tenders.go.ke/storage/Documents/1790749875838-tender-notice.pdf,6 days
306985,CRVWWDA/EQ/NRK/ILDOLISHO/BH/3/2026-2027,"DRILLING, EQUIPPING & CIVIL WORKS FOR ILDOLISHO BOREHOLE WATER PROJECT IN KILGORIS - NAROK COUNTY",Central Rift Valley Water Works Development Agency,Open Tender,Works,2026-10-15 12:00:00,2026-09-29,0,0,"CENTRAL RIFT VALLEY WATER WORKS DEVELOPMENT AGENCY Maji Plaza, Prisons Road",0,120,1,,wsakuda@rvwsb.go.ke,0723095945,2026/2027,ocds-5whusi-306985-CRVWWDA/EQ/NRK/ILDOLISHO/BH/3/2026-2027,0,https://tenders.go.ke/storage/Documents/1790749622261-tender-document.pdf; https://tenders.go.ke/storage/Documents/1790749622286-tender-notice.pdf,6 days
307098,NG-CDF/BTL/01/R2NOCL/SPS/2026-2027,PROPOSED RENOVATIONS TO COMPLECTION OF 2 CLASSROOMS AT SIUNGA PRIMARY SCHOOL.,BUTULA NGCDF,Open Tender,Works,2026-10-15 14:00:00,2026-10-01,0,0,SIUNGA PRIMARY SCHOOL BOARDROOM,0,150,19,BUTULA,cdfbutula@ngcdf.go.ke,+254 721 956390,2026/2027,ocds-5whusi-307098-NG-CDF/BTL/01/R2NOCL/SPS/2026-2027,0,https://tenders.go.ke/storage/Documents/1790840635655-proposed-renovations-to-complection-of-2classrooms-at-siunga-primary-school.pdf,6 days
306251,RFX NO. 1000001613,Supply and Delivery of Bolts and Nuts,Rural Electrification Authority,Open Tender,Goods,2026-10-16 00:00:00,2026-09-15,1,1,"KAWI COMPLEX, South C",0,133,1,,info@rea.co.ke,0709193645,2026/2027,ocds-5whusi-306251-RFXNO.1000001613,0,https://tenders.go.ke/storage/Documents/1790076178041-tender-document.pdf; https://tenders.go.ke/storage/Documents/1790076178072-invitation-to-tender.pdf; https://tenders.go.ke/storage/Documents/1790076178087-advert.pdf,7 days
306164,RFX NO. 1000001616,Supply and Delivery of Insulators - Open to Youth,Rural Electrification Authority,Open Tender,Goods,2026-10-16 00:00:00,2026-09-15,1,1,"KAWI COMPLEX, SOUTH C",0,133,1,,info@rea.co.ke,0709193645,2026/2027,ocds-5whusi-306164-RFXNO.1000001616,0,https://tenders.go.ke/storage/Documents/1790056561918-tender-document.pdf; https://tenders.go.ke/storage/Documents/1790056561938-invitation-to-tender.pdf; https://tenders.go.ke/storage/Documents/1790056561943-advert.pdf,7 days
306162,RFX NO. 1000001615,Supply and Delivery of Insulators,Rural Electrification Authority,Open Tender,Goods,2026-10-16 00:00:00,2026-09-15,1,1,"KAWI COMPLEX, SOUTH C",0,133,1,,info@rea.co.ke,0709193645,2026/2027,ocds-5whusi-306162-RFXNO.1000001615,0,https://tenders.go.ke/storage/Documents/1790056335604-tender-document.pdf; https://tenders.go.ke/storage/Documents/1790056335620-invitation-to-tender.pdf; https://tenders.go.ke/storage/Documents/1790056335625-advert.pdf,7 days
306161,RFX NO. 1000001614,Supply and Delivery of Bolts and Nuts - Open to Women,Rural Electrification Authority,Open Tender,Goods,2026-10-16 00:00:00,2026-09-15,1,1,"KAWI COMPLEX, SOUTH C",0,133,1,,info@rea.co.ke,0709193645,2026/2027,ocds-5whusi-306161-RFXNO.1000001614,0,https://tenders.go.ke/storage/Documents/1790056200858-tender-document.pdf; https://tenders.go.ke/storage/Documents/1790056200877-invitation-to-tender.pdf; https://tenders.go.ke/storage/Documents/1790056200890-advert.pdf,7 days
307823,2423813-2026/2027,SUPPLY & DELIVERY OF ONE 3 TONNES WHELEED LOADER FOR KEE WARD,Makueni County Government,Open Tender,Goods,2026-10-16 10:00:00,2026-10-08,0,0,ONLINE,0,140,4,,mail@makueni.go.ke,020-2034944,2026/2027,ocds-5whusi-307823-2423813-2026/2027,0,https://tenders.go.ke/storage/Documents/1791439791138-supply-delivery-of-one-3-tonnes-wheleed-loader-for-kee-ward.pdf,7 days
307804,SIBO/TEND/OT/02/2026-2027,"CONSTRUCTION, TESTING AND COMMISSIONING OF  DN 250 MM SEWER LINE AT JARAMOGI OGINGA ODINGA UNIVERSITY OF SCIENCE AND TECHNOLOGY",SIAYA BONDO WATER AND SANITATION COMPANY LIMITED,Open Tender,Works,2026-10-16 10:00:00,2026-10-07,0,0,"SIBOWASCO BOARDROOM, LOCATED AT SIBOWASCO HEAD OFFICE",0,210,20,SIAYA,SIBOWASCO@GMAIL.COM,+254 715 500071,2026/2027,ocds-5whusi-307804-SIBO/TEND/OT/02/2026-2027,0,https://tenders.go.ke/storage/Documents/1791394961085-construction-testing-and-commissioning-of-dn-250-mm-sewer-line-at-jaramogi-oginga-odin.pdf,7 days
307233,NG-CDF/BTL/01/NACO/2026-2027,PROPOSED CONSTRUCTION TO COMPLECTION OF A 3 ROOMED ASSISTANT CHIEF OFFICE AND A 3 DOORS PIT LATRINE AT NAMUSALA ASSISTANT CHIEF OFFICE,BUTULA NGCDF,Open Tender,Works,2026-10-16 10:00:00,2026-10-02,0,0,NAMUSALA ASSISTANT CHIEF OFFICE BOARDROOM,0,150,19,BUTULA,cdfbutula@ngcdf.go.ke,+254 721 956390,2026/2027,ocds-5whusi-307233-NG-CDF/BTL/01/NACO/2026-2027,0,https://tenders.go.ke/storage/Documents/1790927499600-proposed-construction-to-complection-of-a-3-roomed-assistant-chief-office-and-a-3-door.pdf,7 days
307637,2419789-2026/2027,PROPOSED CONSTRUCTION OF SOCIAL HALL AT BISHOP KALU IN PUMA WARD KWALE COUNTY,Kwale County Government,Open Tender,Works,2026-10-16 10:30:00,2026-10-06,0,0,ONLINE,0,126,14,,madonna@procurement.kwale.go.ke,0728348911,2026/2027,ocds-5whusi-307637-2419789-2026/2027,0,https://tenders.go.ke/storage/Documents/1791352745871-doc.pdf; https://tenders.go.ke/storage/Documents/1791352745895-boq.pdf; https://tenders.go.ke/storage/Documents/1791352745901-drawing.pdf,7 days
307636,2419791-2026/2027,PROPOSED CONSTRUCTION OF SOCIAL HALL AT KAPHINGO IN MWAVUMBO WARD KWALE COUNTY,Kwale County Government,Open Tender,Works,2026-10-16 10:30:00,2026-10-06,0,0,ONLINE,0,126,14,,madonna@procurement.kwale.go.ke,0728348911,2026/2027,ocds-5whusi-307636-2419791-2026/2027,0,https://tenders.go.ke/storage/Documents/1791352476644-doc.pdf; https://tenders.go.ke/storage/Documents/1791352476679-boq.pdf; https://tenders.go.ke/storage/Documents/1791352476686-drawing.pdf,7 days
306374,UON/ESC/PREQ/01/2026/2027,INVITATION FOR PREQUALIFICATION FOR THE PROPOSED CONSTRUCTION OF THE ENGINEERING AND SCIENCE COMPLEX FOR THE UNIVERSITY OF NAIROBI,University of Nairobi,Prequalification,Works,2026-10-16 10:30:00,2026-09-23,0,0,"University of Nairobi Main Campus, 3rd Floor, Administration Block Old Council Chambers.",0,150,1,,kanjejo@uonbi.ac.ke,020-3318262,2026/2027,ocds-5whusi-306374-UON/ESC/PREQ/01/2026/2027,0,https://tenders.go.ke/storage/Documents/1790151108375-prequalification-for-works-document.pdf,7 days
307583,L/L/NG-CDF/TD/2211311/03/2025-2026,PROPOSED CONSTRUCTION TO COMPLETION OF OPTION 1 BASIC MODEL DIGITAL HUB AT MWERENI,NG-CDF LUNGA LUNGA,Open Tender,Works,2026-10-16 11:00:00,2026-10-02,0,0,NG-CDF LUNGALUNGA OFFICE BOARDROOM,0,180,14,lungalunga,cdflungalunga@ngcdf.go.ke,0723924494,2025/2026,ocds-5whusi-307583-L/L/NG-CDF/TD/2211311/03/2025-2026,0,https://tenders.go.ke/storage/Documents/1791351864096-proposed-construction-to-completion-of-option-1-basic-model-digital-hub-at-mwereni.pdf; https://tenders.go.ke/storage/Documents/1791351864142-proposed-construction-to-completion-of-option-1-basic-model-digital-hub-at-mwereni.pdf; https://tenders.go.ke/storage/Documents/1791351864164-bill-of-quantities-and-drawings.pdf,7 days
307451,L/L/NG-CDF/TD/2630210/02/2026-2027,PROPOSED CONSTRUCTION TO COMPLETION OF A FORTY-FIVE (45) CAPACITY STUDENT LABORATORY AT VWIVWINI SECONDARY SCHOOL,NG-CDF LUNGA LUNGA,Open Tender,Works,2026-10-16 11:00:00,2026-10-02,0,0,NG-CDF LUNGALUNGA OFFICE BOARDROOM,0,90,14,lungalunga,cdflungalunga@ngcdf.go.ke,0723924494,2026/2027,ocds-5whusi-307451-L/L/NG-CDF/TD/2630210/02/2026-2027,0,https://tenders.go.ke/storage/Documents/1791204635331-proposed-construction-to-completion-of-a-forty-five-45-capacity-student-laboratory-at-.pdf; https://tenders.go.ke/storage/Documents/1791204635370-proposed-construction-to-completion-of-a-forty-five-45-capacity-student-laboratory-at-.pdf,7 days
307448,L/L/NG-CDF/TD/2630209/01/2026-2027,PROPOSED CONSTRUCTION TO COMPLETION OF A FORTY-FIVE (45) CAPACITY STUDENT LABORATORY AT MAMBA JUNIOR SECONDARY SCHOOL.,NG-CDF LUNGA LUNGA,Open Tender,Works,2026-10-16 11:00:00,2026-10-02,0,0,NG-CDF LUNGALUNGA BOARDROOM,0,90,14,lungalunga,cdflungalunga@ngcdf.go.ke,0723924494,2026/2027,ocds-5whusi-307448-L/L/NG-CDF/TD/2630209/01/2026-2027,0,https://tenders.go.ke/storage/Documents/1791203509738-proposed-construction-to-completion-of-a-forty-five-45-capacity-student-laboratory-at-.pdf; https://tenders.go.ke/storage/Documents/1791203509787-proposed-construction-to-completion-of-a-forty-five-45-capacity-student-laboratory-at-.pdf,7 days
307175,KIRDI 04/2026/2027,"Tender for the Supply, Delivery, Installation, Commissioning, Testing Training and Handover of a complete Turnkey Integrated Fruit and Vegetable Processing plant",Kenya Industrial Research & Development Institute,Open Tender,Goods,2026-10-16 11:00:00,2026-10-01,1,1,"POPO ROAD, SOUTH C, KIRDI BOARDROOM",0,180,1,,trizanjuguna12@gmail.com, +254-20-2388216/2393466 ,2026/2027,ocds-5whusi-307175-KIRDI04/2026/2027,0,https://tenders.go.ke/storage/Documents/1790865212603-tender-for-the-supply-delivery-installation-commissioning-testing-training-and-handove.pdf,7 days
307026,BUTTVOC/TCE/001/2026/2027,PROPOSED ERECTION AND COMPLETION OF ELECTRICAL AND ELECTRONICS ENGINEERING WORKSHOP AT BUTULA TECHNICAL AND VOCATIONAL COLLEGE,BUTULA TECHNICAL AND VOCATIONAL COLLEGE,Open Tender,Works,2026-10-16 11:00:00,2026-09-30,0,0,BUTULA TECHNICAL AND VOCATIONAL COLLEGE HALL 5,1000,140,19,BUMALA,butulatechnical@gmail.com,0741969132,2026/2027,ocds-5whusi-307026-BUTTVOC/TCE/001/2026/2027,0,https://tenders.go.ke/storage/Documents/1790768691931-tender-advert.pdf; https://tenders.go.ke/storage/Documents/1790768691967-bid-document.pdf,7 days
307323,NCC/ENV/ONT/025/2026 -2027,LEASING OF SPACE AND RENTING OF UNITS AT UHURU AND CENTRAL PARKS.,Nairobi County Government,Open Tender,Non Consultancy Services,2026-10-16 11:30:00,2026-10-02,0,0,procurement offices located on the 4th floor main city hall room 400 along Muindi Mbingu Street,0,180,1,,wambugubety7@gmail.com,0722312515,2026/2027,ocds-5whusi-307323-NCC/ENV/ONT/025/2026-2027,0,https://tenders.go.ke/storage/Documents/1790961039532-leasing-of-space-and-renting-of-units-at-uhuru-and-central-parks.pdf,7 days
307483,TCG/EPM/2419133/2026/2027,Supply and delivery of mining equipments (Accessories),Turkana County Government,Open Tender,Goods,2026-10-16 12:00:00,2026-10-06,0,0,Department of energy and mining,0,180,26,,supplychainoffice@turkana.go.ke,N/A,2026/2027,ocds-5whusi-307483-TCG/EPM/2419133/2026/2027,0,https://tenders.go.ke/storage/Documents/1791265538362-notice.pdf; https://tenders.go.ke/storage/Documents/1791265538379-tender-document.pdf,7 days
307482,TCG/EPM/249129/2026/2027,Supply and delivery of ball milling machines,Turkana County Government,Open Tender,Goods,2026-10-16 12:00:00,2026-10-06,0,0,Depratment of energy and mining,0,180,26,,supplychainoffice@turkana.go.ke,N/A,2026/2027,ocds-5whusi-307482-TCG/EPM/249129/2026/2027,0,https://tenders.go.ke/storage/Documents/1791265344337-notice.pdf; https://tenders.go.ke/storage/Documents/1791265344365-tender-document.pdf,7 days
307481,TCG/EPM/2419132/2026/2027,Supply and intallation of lokichoggio high mast,Turkana County Government,Open Tender,Works,2026-10-16 12:00:00,2026-10-06,0,0,department of energy and mining,100000,180,26,,supplychainoffice@turkana.go.ke,N/A,2026/2027,ocds-5whusi-307481-TCG/EPM/2419132/2026/2027,0,https://tenders.go.ke/storage/Documents/1791265106344-notice.pdf; https://tenders.go.ke/storage/Documents/1791265106390-tender-document.pdf,7 days
307478,TCG/EPM/2419130/2026/2027,"Solarization of office of the governor, public service and treasury",Turkana County Government,Open Tender,Works,2026-10-16 12:00:00,2026-10-06,0,0,department of energy and mining,0,180,26,,supplychainoffice@turkana.go.ke,N/A,2026/2027,ocds-5whusi-307478-TCG/EPM/2419130/2026/2027,0,https://tenders.go.ke/storage/Documents/1791264839381-notice.pdf; https://tenders.go.ke/storage/Documents/1791264839413-document.pdf,7 days
307476,TCG/EPM/2419131/2026/2027,Supply and installation of streetlight at namoruputh center in loima ward,Turkana County Government,Open Tender,Works,2026-10-16 12:00:00,2026-10-06,0,0,Department of Energy and Mining,100000,180,26,,supplychainoffice@turkana.go.ke,N/A,2026/2027,ocds-5whusi-307476-TCG/EPM/2419131/2026/2027,0,https://tenders.go.ke/storage/Documents/1791264157213-tender-notice.pdf; https://tenders.go.ke/storage/Documents/1791264157252-tender-document.pdf,7 days
307235,NG-CDF/BTL/01/MWACC/3UPH/2026-2027,PROPOSED CONSTRUCTION  TO COMPLECTION 3 UNIT POLICE HOUSE EACH WITH 3ROOMS AT MARACHI WEST ACC OFFICE,BUTULA NGCDF,Open Tender,Works,2026-10-16 12:00:00,2026-10-02,0,0,MWAAC OFFICE BOARDROOM,0,150,19,BUTULA,cdfbutula@ngcdf.go.ke,+254 721 956390,2026/2027,ocds-5whusi-307235-NG-CDF/BTL/01/MWACC/3UPH/2026-2027,0,https://tenders.go.ke/storage/Documents/1790927822398-proposed-construction-to-complection-3-unit-police-house-each-with-3rooms-at-marachi-w.pdf,7 days
306147,MUST/ONT/PART/02/2026-2027,DESIGN AND BUILD (TURNKEY) WORKS FOR THE PROPOSED PARTITIONING OF THE GRADUATION   SQUARE,Meru University of Science and Technology,Open Tender,Works,2026-10-16 12:00:00,2026-09-21,0,0,Multipurpose Hall,0,116,1,,jkanake@must.ac.ke,0721524293,2026/2027,ocds-5whusi-306147-MUST/ONT/PART/02/2026-2027,0,https://tenders.go.ke/storage/Documents/1790013500736-must-tender-for-partitioning-of-the-graduation-square-turnkey-contract-2192026.pdf,7 days
306172,RFX NO. 1000001620,"Supply and Delivery of Surge Diverters, Cut Outs, Fuses and Isolators- Open to Youth",Rural Electrification Authority,Open Tender,Goods,2026-10-19 00:00:00,2026-09-15,1,1,"KAWI COMPLEX, SOUTH C",0,133,1,,info@rea.co.ke,0709193645,2026/2027,ocds-5whusi-306172-RFXNO.1000001620,0,https://tenders.go.ke/storage/Documents/1790057288032-tender-document.pdf; https://tenders.go.ke/storage/Documents/1790057288055-invitation-to-tender.pdf; https://tenders.go.ke/storage/Documents/1790057288063-advert.pdf,10 days
306169,RFX NO. 1000001619,Supply and Delivery of Overhead Line Fittings - Open to Women,Rural Electrification Authority,Open Tender,Goods,2026-10-19 00:00:00,2026-09-15,1,1,"KAWI COMPLEX, SOUTH C",0,133,1,,info@rea.co.ke,0709193645,2026/2027,ocds-5whusi-306169-RFXNO.1000001619,0,https://tenders.go.ke/storage/Documents/1790057045168-tender-document.pdf; https://tenders.go.ke/storage/Documents/1790057045192-invitation.pdf; https://tenders.go.ke/storage/Documents/1790057045198-advert.pdf,10 days
306168,RFX NO. 1000001618,Supply and Delivery of Overhead Line Fittings,Rural Electrification Authority,Open Tender,Goods,2026-10-19 00:00:00,2026-09-15,1,1,"KAWI COMPLEX, SOUTH C",0,133,1,,info@rea.co.ke,0709193645,2026/2027,ocds-5whusi-306168-RFXNO.1000001618,0,https://tenders.go.ke/storage/Documents/1790056876031-tender-document.pdf; https://tenders.go.ke/storage/Documents/1790056876047-invitation-to-tender.pdf; https://tenders.go.ke/storage/Documents/1790056876052-advert.pdf,10 days
306165,RFX NO. 1000001617,Supply and Delivery of Pole signs - Open to PWD,Rural Electrification Authority,Open Tender,Goods,2026-10-19 00:00:00,2026-09-15,1,1,"KAWI COMPLEX, SOUTH C",0,133,1,,info@rea.co.ke,0709193645,2026/2027,ocds-5whusi-306165-RFXNO.1000001617,0,https://tenders.go.ke/storage/Documents/1790056728125-tender-document.pdf; https://tenders.go.ke/storage/Documents/1790056728197-invitation-to-tender.pdf; https://tenders.go.ke/storage/Documents/1790056728217-advert.pdf,10 days
307892,CGK/HS/2423916/2026-2027,"EQUIPPING OF MATERNITIES AT MWEMBENI, MWANANYAMALA, VANGA, NGATHINI AND DUDU DISPENSARIES",Kwale County Government,Open Tender,Goods,2026-10-19 10:00:00,2026-10-08,0,0,ONLINE,0,126,14,,madonna@procurement.kwale.go.ke,0728348911,2026/2027,ocds-5whusi-307892-CGK/HS/2423916/2026-2027,0,https://tenders.go.ke/storage/Documents/1791453484161-maternity-equipment.pdf,10 days
307888,CGK/HS/2423905/2026-2027,"EQUIPPING OF LABORATORIES AT MANGWEI, TIRIBE, MAMBA, KINANGO NDOGO AND KIDIMU DISPENSARIES",Kwale County Government,Open Tender,Goods,2026-10-19 10:00:00,2026-10-08,0,0,ONLINE,0,126,14,,madonna@procurement.kwale.go.ke,0728348911,2026/2027,ocds-5whusi-307888-CGK/HS/2423905/2026-2027,0,https://tenders.go.ke/storage/Documents/1791453239324-lab-equipment.pdf,10 days
307884,CGK/HS/2423805/2026-2027,"SUPPLY, DELIVERY, INSTALLATION,TESTING AND COMMISSIONING OF AN X-RAY MACHINE WITH AUTOMATIC VOLTAGE SWITCHER AT MWANDA DISPENSARY",Kwale County Government,Open Tender,Goods,2026-10-19 10:00:00,2026-10-08,0,0,ONLINE,0,126,14,,madonna@procurement.kwale.go.ke,0728348911,2026/2027,ocds-5whusi-307884-CGK/HS/2423805/2026-2027,0,https://tenders.go.ke/storage/Documents/1791452973602-purchase-of-an-xray.pdf,10 days
307882,CGK/HS/2426794/2026-2027,PROPOSED CONSTRUCTION OF MSULWA OPD BLOCK AT MSULWA DISPENSARY IN KUBO SOUTH WARD,Kwale County Government,Open Tender,Works,2026-10-19 10:00:00,2026-10-08,0,0,ONLINE,0,126,14,,madonna@procurement.kwale.go.ke,0728348911,2026/2027,ocds-5whusi-307882-CGK/HS/2426794/2026-2027,0,https://tenders.go.ke/storage/Documents/1791452606919-bq.pdf; https://tenders.go.ke/storage/Documents/1791456508296-construction-of-msulwa-opd.pdf,10 days
307865,2426734-2026/2027,SUPPLY AND DELIVERY OF LAB REAGENTS FOR HOSPITALS AND RURAL HEALTH FACILITIES,Kwale County Government,Open Tender,Goods,2026-10-19 10:00:00,2026-10-08,0,0,Online,0,126,14,,madonna@procurement.kwale.go.ke,0728348911,2026/2027,ocds-5whusi-307865-2426734-2026/2027,0,https://tenders.go.ke/storage/Documents/1791451078576-tender-document.pdf; https://tenders.go.ke/storage/Documents/1791451078603-schedule-of-requirement.pdf,10 days
307491,TUMEL/RFP/001/2026/2027,REQUEST FOR PROPOSAL (RFP) FOR PROVISION OF GRATUITY FUND MANAGEMENT AND ADMINISTRATION SERVICES,TECHNICAL UNIVERSITY OF MOMBASA ENTERPRISES LIMITED,Request for Proposals,Non Consultancy Services,2026-10-19 10:00:00,2026-10-05,0,0,TUM HOTEL & CONFERENCE,1000,182,13,MOMBASA,info@tumel.co.ke,0716772140,2026/2027,ocds-5whusi-307491-TUMEL/RFP/001/2026/2027,0,https://tenders.go.ke/storage/Documents/1791270990996-request-for-proposal-rfp-for-provision-of-gratuity-fund-management-and-administration-.pdf,10 days
307161,TENDER NO. CBK/040/2026-2027,"TENDER FOR PROVISION OF TRANSPORT, CLEARING & FORWARDING SERVICES OF BULKY CARGO FOR CENTRAL BANK OF KENYA",Central Bank of Kenya,Framework Agreements,Non Consultancy Services,2026-10-19 10:30:00,2026-10-01,1,1,"Central Bank of Kenya, Head Office,  Senior Staff Canteen on 6th Floor -",0,140,1,,Comms@centralbank.go.ke,0202860000,2026/2027,ocds-5whusi-307161-TENDERNO.CBK/040/2026-2027,0,https://tenders.go.ke/storage/Documents/1790859018582-tender-document.pdf,10 days
307719,CGL/ONT/MS/005/2418728/2026-2027,"SUPPLY, DELIVERY, INSTALLATION, TESTING AND COMMISSIONING OF ULTRASOUND MACHINE FOR WITU SUB-COUNTY HOSPITAL",Lamu County Government,Open Tender,Goods,2026-10-19 11:00:00,2026-10-06,0,0,"COUNTY HEADQUARTERS BOARDROOM,MOKOWE",0,120,9,,info@lamu.go.ke,0715000555,2026/2027,ocds-5whusi-307719-CGL/ONT/MS/005/2418728/2026-2027,0,https://tenders.go.ke/storage/Documents/1791369228755-tender-document.pdf; https://tenders.go.ke/storage/Documents/1791369228773-tender-notice.pdf,10 days
307717,CGL/ONT/MS/004/2418041/2026-2027,"SUPPLY, DELIVERY, INSTALLATION, TESTING AND COMMISSIONING OF B-SCAN MODULE MACHINE AT MOKOWE SUB-COUNTY HOSPITAL",Lamu County Government,Open Tender,Goods,2026-10-19 11:00:00,2026-10-06,0,0,"COUNTY HEADQUARTERS BOARDROOM,MOKOWE",0,120,9,,info@lamu.go.ke,0715000555,2026/2027,ocds-5whusi-307717-CGL/ONT/MS/004/2418041/2026-2027,0,https://tenders.go.ke/storage/Documents/1791368909751-tender-document.pdf; https://tenders.go.ke/storage/Documents/1791368909782-tender-notice.pdf,10 days
307699,CGL/ONT/MS/003/2417934/2026-2027,"SUPPLY, DELIVERY, INSTALLATION, TESTING AND COMMISSIONING OF DIGITAL X – RAY MACHINE FOR KIUNGA HEALTH CENTER",Lamu County Government,Open Tender,Goods,2026-10-19 11:00:00,2026-10-06,0,0,"COUNTY HEADQUARTERS BOARDROOM,MOKOWE",0,120,9,,info@lamu.go.ke,0715000555,2026/2027,ocds-5whusi-307699-CGL/ONT/MS/003/2417934/2026-2027,0,https://tenders.go.ke/storage/Documents/1791364878063-tender-document.pdf; https://tenders.go.ke/storage/Documents/1791364878097-tender-notice.pdf,10 days
307650,CGL/ONT/MS/2418012/002/2026/2027,"SUPPLY, DELIVERY, INSTALLATION, TESTING AND COMMISSIONING OF ANESTHESIA MACHINE FOR LAMU COUNTY REFERRAL HOSPITAL",Lamu County Government,Open Tender,Works,2026-10-19 11:00:00,2026-10-06,0,0,COUNTY HEADQUARTER BOADROOM,0,120,9,,info@lamu.go.ke,0715000555,2026/2027,ocds-5whusi-307650-CGL/ONT/MS/2418012/002/2026/2027,0,https://tenders.go.ke/storage/Documents/1791354438127-supply-delivery-installation-testing-and-commissioning-of-anesthesia-machine-for-lamu-.pdf; https://tenders.go.ke/storage/Documents/1791354438145-medical-equipments.pdf,10 days
307648,CGL/ONT/MS/2417786/001/2026/2027,"SUPPLY, DELIVERY, INSTALLATION, TESTING AND COMMISSIONING OF DIGITAL X-RAY MACHINE FOR LAMU COUNTY REFERRAL HOSPITAL",Lamu County Government,Open Tender,Works,2026-10-19 11:00:00,2026-10-06,0,0,COUNTY HEAD QUARTERS BOARDROOM,0,120,9,,info@lamu.go.ke,0715000555,2026/2027,ocds-5whusi-307648-CGL/ONT/MS/2417786/001/2026/2027,0,https://tenders.go.ke/storage/Documents/1791354124407-supply-delivery-installation-testing-and-commissioning-of-digital-x-ray-machine-for-la.pdf; https://tenders.go.ke/storage/Documents/1791354124450-medical-equipments.pdf,10 days
307521,WSTF/GA/RFP/01/2026-2027,REQUEST FOR PROPOSAL (RFP) FOR CONSULTANCY SERVICES FOR GOVERNANCE ASSESSMENT FOR WATER SECTOR TRUST FUND,Water Sector Trust Fund,Request for Proposals,Consultancy Services,2026-10-20 10:00:00,2026-10-06,0,0,"Water Sector Trust Fund, 1st Floor, CIC Plaza 1, Mara Road, P. O. Box 49699-00100, Nairobi.",0,126,1,,kennedy.lukhando@waterfund.go.ke,+254721598509,2026/2027,ocds-5whusi-307521-WSTF/GA/RFP/01/2026-2027,0,https://tenders.go.ke/storage/Documents/1791277321701-consultancy-services-for-governance-assessment-for-water-sector-trust-fund.pdf,11 days
307730,MKN/CC/011-024/2026-2028,Registration/Pre-Qualification of suppliers for F/Y 2026-2028,COUNTY COMMISSIONER MAKUENI,Prequalification,Works,2026-10-21 10:00:00,2026-10-07,0,0,Respective Deputy County Commissioners Boardroom,0,90,4,WOTE,cc.makueni@interior.go.ke,+254 101 362089,2026/2027,ocds-5whusi-307730-MKN/CC/011-024/2026-2028,0,https://tenders.go.ke/storage/Documents/1791372289555-tender-advert.pdf; https://tenders.go.ke/storage/Documents/1791372289575-mkncc112026-2028.pdf; https://tenders.go.ke/storage/Documents/1791372289653-mkncc122026-2028.pdf; https://tenders.go.ke/storage/Documents/1791372289795-mkncc142026-2028.pdf; https://tenders.go.ke/storage/Documents/1791372289811-mkncc152026-2028.pdf; https://tenders.go.ke/storage/Documents/1791372289856-mkncc012026-2028.pdf; https://tenders.go.ke/storage/Documents/1791372289871-mkncc162026-2028.pdf; https://tenders.go.ke/storage/Documents/1791372289892-mkncc172026-2028.pdf; https://tenders.go.ke/storage/Documents/1791372289923-mkncc182026-2028.pdf; https://tenders.go.ke/storage/Documents/1791372289928-mkncc192026-2028.pdf; https://tenders.go.ke/storage/Documents/1791372289951-mkncc202026-2028.pdf; https://tenders.go.ke/storage/Documents/1791372289957-mkncc212026-2028.pdf; https://tenders.go.ke/storage/Documents/1791372290084-mkncc222026-2028.pdf; https://tenders.go.ke/storage/Documents/1791372290115-mkncc232026-2028.pdf; https://tenders.go.ke/storage/Documents/1791372290130-mkncc242026-2028.pdf,12 days
307725,MKN/CC/02-10/2026-2028,Registration of suppliers for various categories for F/Y 2026-2028,COUNTY COMMISSIONER MAKUENI,Framework Agreements,Goods,2026-10-21 10:00:00,2026-10-07,0,0,Respective deputy county commissioners Boardroom,1000,90,4,WOTE,cc.makueni@interior.go.ke,+254 101 362089,2026/2027,ocds-5whusi-307725-MKN/CC/02-10/2026-2028,0,https://tenders.go.ke/storage/Documents/1791371210814-tender-advert.pdf; https://tenders.go.ke/storage/Documents/1791371210835-mkncc022026-2028.pdf; https://tenders.go.ke/storage/Documents/1791371210858-mkncc032026-2028.pdf; https://tenders.go.ke/storage/Documents/1791371210892-mkncc042026-2028.pdf; https://tenders.go.ke/storage/Documents/1791371210910-mkncc052026-2028.pdf; https://tenders.go.ke/storage/Documents/1791371210928-mkncc062026-2028.pdf; https://tenders.go.ke/storage/Documents/1791371210937-mkncc072026-2028.pdf; https://tenders.go.ke/storage/Documents/1791371210954-mkncc082026-2028.pdf; https://tenders.go.ke/storage/Documents/1791371210973-mkncc132026-2028.pdf; https://tenders.go.ke/storage/Documents/1791371210980-mkncc092026-2028.pdf; https://tenders.go.ke/storage/Documents/1791371210996-mkncc102026-2028.pdf,12 days
307668,FINANCIAL YEARS 2026-2027/2027-2028,"REGISTRATION OF SUPPLIERS, CONTRACTORS AND SERVICE PROVIDERS FOR SUPPLY AND DELIVERY OF  GOODS, PROVISION OF SERVICES AND WORKS",Kirinyaga County Government,Open Tender,Goods,2026-10-21 10:00:00,2026-10-06,0,0,"FIRST FLOOR CONFERENCE ROOM, COUNTY HEADQUARTER’S, KUTUS",0,120,1,,otundomarrion12@gmail.com,+254716382428,2026/2027,ocds-5whusi-307668-FINANCIALYEARS2026-2027/2027-2028,0,https://tenders.go.ke/storage/Documents/1791356402853-tender-notice.pdf; https://tenders.go.ke/storage/Documents/1791356402872-tender-document.pdf,12 days
307666,CGK/FC/01/2026-2027/2027-2028,"FRAMEWORK AGREEMENT FOR SUPPLY AND DELIVERY OF PHARMACEUTICALS, DRUGS  AND MEDICAL SUPPLIES",Kirinyaga County Government,Framework Agreements,Goods,2026-10-21 10:00:00,2026-10-06,0,0,"FIRST FLOOR CONFERENCE ROOM, COUNTY HEADQUARTER’S, KUTUS",0,120,1,,otundomarrion12@gmail.com,+254716382428,2026/2027,ocds-5whusi-307666-CGK/FC/01/2026-2027/2027-2028,0,https://tenders.go.ke/storage/Documents/1791356160743-tender-notice.pdf; https://tenders.go.ke/storage/Documents/1791356160760-tender-document.pdf,12 days
307665,CGK/FC/02/2026-2027/2027-2028,FRAMEWORK AGREEMENT FOR SUPPLY AND DELIVERY OF NON-PHARMACEUTICAL  MEDICAL SUPPLIES AND CONSUMABLES,Kirinyaga County Government,Framework Agreements,Goods,2026-10-21 10:00:00,2026-10-06,0,0,"FIRST FLOOR CONFERENCE ROOM, COUNTY HEADQUARTER’S, KUTUS",0,120,1,,otundomarrion12@gmail.com,+254716382428,2026/2027,ocds-5whusi-307665-CGK/FC/02/2026-2027/2027-2028,0,https://tenders.go.ke/storage/Documents/1791356016242-tender-notice.pdf; https://tenders.go.ke/storage/Documents/1791356016260-tender-document.pdf,12 days
307663,CGK/FC/04/2026-2027/2027-2028,"FRAMEWORK AGREEMENT FOR SUPPLY AND DELIVERY OF MEDICAL GASES,  MEDICAL CHEMICALS AND MORTUARY CHEMICALS",Kirinyaga County Government,Framework Agreements,Goods,2026-10-21 10:00:00,2026-10-06,0,0,"FIRST FLOOR CONFERENCE ROOM, COUNTY HEADQUARTER’S, KUTUS",0,120,1,,otundomarrion12@gmail.com,+254716382428,2026/2027,ocds-5whusi-307663-CGK/FC/04/2026-2027/2027-2028,0,https://tenders.go.ke/storage/Documents/1791355763773-tender-notice.pdf; https://tenders.go.ke/storage/Documents/1791355763806-tender-document.pdf,12 days
307661,CGK/FC/19/2026-2027/2027-2028,FRAMEWORK AGREEMENT FOR SUPPLY AND DELIVERY OF MATERIALS  FOR CONSTRUCTION OF CULVERTS AND BRIDGES.,Kirinyaga County Government,Framework Agreements,Goods,2026-10-21 10:00:00,2026-10-06,0,0,"FIRST FLOOR CONFERENCE ROOM, COUNTY HEADQUARTER’S, KUTUS",0,120,1,,otundomarrion12@gmail.com,+254716382428,2026/2027,ocds-5whusi-307661-CGK/FC/19/2026-2027/2027-2028,0,https://tenders.go.ke/storage/Documents/1791355474333-tender-notice.pdf; https://tenders.go.ke/storage/Documents/1791355474361-tender-document.pdf,12 days
307659,CGK/FC/03/2026-2027/2027-2028,"FRAMEWORK AGREEMENT FOR SUPPLY AND DELIVERY OF LABORATORY, RADIOLOGY,  ULTRASOUND, CT SCAN AND RENAL REAGENTS AND CONSUMABLES",Kirinyaga County Government,Framework Agreements,Goods,2026-10-21 10:00:00,2026-10-06,0,0,"FIRST FLOOR CONFERENCE ROOM, COUNTY HEADQUARTER’S, KUTUS",0,120,1,,otundomarrion12@gmail.com,+254716382428,2026/2027,ocds-5whusi-307659-CGK/FC/03/2026-2027/2027-2028,0,https://tenders.go.ke/storage/Documents/1791355274497-tender-notice.pdf; https://tenders.go.ke/storage/Documents/1791355274523-tender-document.pdf,12 days
307657,CGK/FC/07/2026-2027/2027-2028,"FRAMEWORK AGREEMENT FOR SUPPLY AND DELIVERY OF HOSPITAL  LINEN, BEDDINGS AND RELATED ACCESSORIES.",Kirinyaga County Government,Framework Agreements,Goods,2026-10-21 10:00:00,2026-10-06,0,0,"FIRST FLOOR CONFERENCE ROOM, COUNTY HEADQUARTER’S, KUTUS",0,120,1,,otundomarrion12@gmail.com,+254716382428,2026/2027,ocds-5whusi-307657-CGK/FC/07/2026-2027/2027-2028,0,https://tenders.go.ke/storage/Documents/1791355035469-tender-notice.pdf; https://tenders.go.ke/storage/Documents/1791355035494-tender-document.pdf,12 days
307653,CGK/FC/14/2026-2027/2027-2028,"FRAMEWORK AGREEMENT FOR SUPPLY AND DELIVERY OF FUEL (DIESEL, PETROL)  AND LUBRICANTS",Kirinyaga County Government,Framework Agreements,Goods,2026-10-21 10:00:00,2026-10-06,0,0,"FIRST FLOOR CONFERENCE ROOM, COUNTY HEADQUARTER’S, KUTUS",0,120,1,,otundomarrion12@gmail.com,+254716382428,2026/2027,ocds-5whusi-307653-CGK/FC/14/2026-2027/2027-2028,0,https://tenders.go.ke/storage/Documents/1791354838500-tender-notice.pdf; https://tenders.go.ke/storage/Documents/1791354838541-tender-document.pdf,12 days
307652,CGK/FC/09/2026-2027/2027-2028,FRAMEWORK AGREEMENT FOR SUPPLY AND DELIVERY OF FOOD RATION (DRY  FOODSTUFFS AND PERISHABLES.,Kirinyaga County Government,Framework Agreements,Goods,2026-10-21 10:00:00,2026-10-06,0,0,"FIRST FLOOR CONFERENCE ROOM, COUNTY HEADQUARTER’S, KUTUS",0,120,1,,otundomarrion12@gmail.com,+254716382428,2026/2027,ocds-5whusi-307652-CGK/FC/09/2026-2027/2027-2028,0,https://tenders.go.ke/storage/Documents/1791354552316-tender-notice.pdf; https://tenders.go.ke/storage/Documents/1791354552331-tender-document.pdf,12 days
307649,CGK/FC/05/2026-2027/2027-2028,"FRAMEWORK AGREEMENT FOR SUPPLY AND DELIVERY OF DENTAL, OPTICAL/OPHTHALMIC AND ORTHOPAEDIC SUPPLIES",Kirinyaga County Government,Framework Agreements,Goods,2026-10-21 10:00:00,2026-10-06,0,0,"FIRST FLOOR CONFERENCE ROOM, COUNTY HEADQUARTER’S, KUTUS",0,120,1,,otundomarrion12@gmail.com,+254716382428,2026/2027,ocds-5whusi-307649-CGK/FC/05/2026-2027/2027-2028,0,https://tenders.go.ke/storage/Documents/1791354376256-tender-notice.pdf; https://tenders.go.ke/storage/Documents/1791354376273-tender-document.pdf,12 days
307647,CGK/FC/10/2026-2027/2027-2028,"FRAMEWORK AGREEMENT FOR SUPPLY AND DELIVERY OF COOKING GAS, FIREWOOD,  TIMBER, CHARCOAL AND INDUSTRIAL GASES",Kirinyaga County Government,Framework Agreements,Goods,2026-10-21 10:00:00,2026-10-06,0,0,"FIRST FLOOR CONFERENCE ROOM, COUNTY HEADQUARTER’S, KUTUS",0,120,1,,otundomarrion12@gmail.com,+254716382428,2026/2027,ocds-5whusi-307647-CGK/FC/10/2026-2027/2027-2028,0,https://tenders.go.ke/storage/Documents/1791354012176-tender-notice.pdf; https://tenders.go.ke/storage/Documents/1791354012192-tender-document.pdf,12 days
307646,CGK/FC/08/2026-2027/2027-2028,"FRAMEWORK AGREEMENT FOR SUPPLY AND DELIVERY OF CLEANING MATERIALS, SANITARY MATERIALS, DETERGENTS, TISSUE PAPERS, REFUSE BAGS, CLEANING  TOOLS AND DISINFECTANTS.",Kirinyaga County Government,Framework Agreements,Goods,2026-10-21 10:00:00,2026-10-06,0,0,"FIRST FLOOR CONFERENCE ROOM, COUNTY HEADQUARTER’S, KUTUS",0,120,1,,otundomarrion12@gmail.com,+254716382428,2026/2027,ocds-5whusi-307646-CGK/FC/08/2026-2027/2027-2028,0,https://tenders.go.ke/storage/Documents/1791353813777-tender-notice.pdf; https://tenders.go.ke/storage/Documents/1791353813794-tender-document.pdf,12 days
307644,CGK/FC/06/2026-2027/2027-2028,"FRAMEWORK AGREEMENT FOR SUPPLY AND DELIVERY OF ASSORTED MEDICAL  EQUIPMENT, INSTRUMENTS AND ACCESSORIES",Kirinyaga County Government,Framework Agreements,Goods,2026-10-21 10:00:00,2026-10-06,0,0,"FIRST FLOOR CONFERENCE ROOM, COUNTY HEADQUARTER’S, KUTUS",0,120,1,,otundomarrion12@gmail.com,+254716382428,2026/2027,ocds-5whusi-307644-CGK/FC/06/2026-2027/2027-2028,0,https://tenders.go.ke/storage/Documents/1791353633743-tender-notice.pdf; https://tenders.go.ke/storage/Documents/1791353633859-tender-document.pdf,12 days
307641,CGK/FC/12/2026-2027/2027-2028,"FRAMEWORK AGREEMENT FOR SERVICING, REPAIR AND MAINTENANCE OF GENERAL  MEDICAL, LABORATORY AND DENTAL EQUIPMENT",Kirinyaga County Government,Framework Agreements,Non Consultancy Services,2026-10-21 10:00:00,2026-10-06,0,0,"FIRST FLOOR CONFERENCE ROOM, COUNTY HEADQUARTER’S, KUTUS",0,120,1,,otundomarrion12@gmail.com,+254716382428,2026/2027,ocds-5whusi-307641-CGK/FC/12/2026-2027/2027-2028,0,https://tenders.go.ke/storage/Documents/1791353446182-tender-notice.pdf; https://tenders.go.ke/storage/Documents/1791353446321-tender-document.pdf,12 days
307640,CGK/FC/13/2026-2027/2027-2028,"FRAMEWORK AGREEMENT FOR ROUTINE SERVICE, REPAIR AND MAINTENANCE OF COUNTY MOTOR VEHICLES, PLANT AND EARTH-MOVING EQUIPMENT (GARAGES)",Kirinyaga County Government,Framework Agreements,Non Consultancy Services,2026-10-21 10:00:00,2026-10-06,0,0,"FIRST FLOOR CONFERENCE ROOM, COUNTY HEADQUARTER’S, KUTUS",0,120,1,,otundomarrion12@gmail.com,+254716382428,2026/2027,ocds-5whusi-307640-CGK/FC/13/2026-2027/2027-2028,0,https://tenders.go.ke/storage/Documents/1791353269601-tender-notice.pdf; https://tenders.go.ke/storage/Documents/1791353269626-tender-document.pdf,12 days
307639,CGK/FC/16/2026-2027/2027-2028,"FRAMEWORK AGREEMENT FOR REPAIR AND MAINTENANCE OF SERVERS, DESKTOP COMPUTERS, LAN, IPBX, CCTV, PRINTERS, AUDIO-VISUAL EQUIPMENT, PHOTOCOPIERS, UPS AND RELATED ICT EQUIPMENT.",Kirinyaga County Government,Framework Agreements,Goods,2026-10-21 10:00:00,2026-10-06,0,0,"FIRST FLOOR CONFERENCE ROOM, COUNTY HEADQUARTER’S, KUTUS",0,120,1,,otundomarrion12@gmail.com,+254716382428,2026/2027,ocds-5whusi-307639-CGK/FC/16/2026-2027/2027-2028,0,https://tenders.go.ke/storage/Documents/1791353007849-tender-notice.pdf; https://tenders.go.ke/storage/Documents/1791353007872-tender-document.pdf,12 days
307638,CGK/FC/17/2026-2027/2027-2028,"FRAMEWORK AGREEMENT FOR PROVISION OF HOTEL ACCOMMODATION, CONFERENCE  FACILITIES AND OUTSIDE CATERING SERVICES.",Kirinyaga County Government,Framework Agreements,Non Consultancy Services,2026-10-21 10:00:00,2026-10-06,0,0,"FIRST FLOOR CONFERENCE ROOM, COUNTY HEADQUARTER’S, KUTUS",0,120,1,,otundomarrion12@gmail.com,+254716382428,2026/2027,ocds-5whusi-307638-CGK/FC/17/2026-2027/2027-2028,0,https://tenders.go.ke/storage/Documents/1791352813870-tender-notice.pdf; https://tenders.go.ke/storage/Documents/1791352813887-tender-document.pdf,12 days
307635,CGK/FC/18/2026-2027/2027-2028,"FRAMEWORK AGREEMENT FOR PROVISION OF GENERAL EVENTS MANAGEMENT, PHOTOGRAPHY, VIDEOGRAPHY AND PUBLIC ADDRESS SYSTEM SERVICES",Kirinyaga County Government,Framework Agreements,Non Consultancy Services,2026-10-21 10:00:00,2026-10-06,0,0,"FIRST FLOOR CONFERENCE ROOM, COUNTY HEADQUARTER’S, KUTUS",0,120,1,,otundomarrion12@gmail.com,+254716382428,2026/2027,ocds-5whusi-307635-CGK/FC/18/2026-2027/2027-2028,0,https://tenders.go.ke/storage/Documents/1791352462825-tender-document.pdf; https://tenders.go.ke/storage/Documents/1791352615251-tender-notice.pdf,12 days
307633,CGK/FC/11/2026-2027/2027-2028,FRAMEWORK AGREEMENT FOR PROVISION OF AIR TICKETING AND TRAVEL SERVICES,Kirinyaga County Government,Framework Agreements,Non Consultancy Services,2026-10-21 10:00:00,2026-10-06,0,0,"FIRST FLOOR CONFERENCE ROOM, COUNTY HEADQUARTER’S, KUTUS",0,120,1,,otundomarrion12@gmail.com,+254716382428,2026/2027,ocds-5whusi-307633-CGK/FC/11/2026-2027/2027-2028,0,https://tenders.go.ke/storage/Documents/1791352157305-tender-notice.pdf; https://tenders.go.ke/storage/Documents/1791352157334-tender-document.pdf,12 days
307632,CGK/FC/15/2026-2027/2027-2028,"FRAMEWORK AGREEMENT FOR MECHANICAL MAINTENANCE SERVICES - LIFTS, AIR-CONDITIONING AND HEATING EQUIPMENT",Kirinyaga County Government,Framework Agreements,Works,2026-10-21 10:00:00,2026-10-06,0,0,"FIRST FLOOR CONFERENCE ROOM, COUNTY HEADQUARTER’S, KUTUS",0,120,1,,otundomarrion12@gmail.com,+254716382428,2026/2027,ocds-5whusi-307632-CGK/FC/15/2026-2027/2027-2028,0,https://tenders.go.ke/storage/Documents/1791351728138-tendr-notice.pdf; https://tenders.go.ke/storage/Documents/1791351728179-tender-document.pdf,12 days
307623,MOSOP NG-CDF/STMATHEWSEPTONOKGIRLSSCH/BUS/ONT/04/2026/2027,SUPPLY AND DELIVERY OF A 51 SEATER SCHOOL BUS FOR ST.MATHEWS GIRLS SEPTONOK SENIOR SCHOOL IN MOSOP CONSTITUENCY,NGCDF MOSOP,Open Tender,Goods,2026-10-21 10:00:00,2026-10-06,0,0,Mosop National Government Constituencies Development Fund Office (Boardroom) P.O Box 121-30303 Kabiyet.,0,90,31,KABIYET,cdfmosop@ngcdf.go.ke,+254 770 331000,2026/2027,ocds-5whusi-307623-MOSOPNG-CDF/STMATHEWSEPTONOKGIRLSSCH/BUS/ONT/04/2026/2027,0,https://tenders.go.ke/storage/Documents/1791304055141-tender-advertisement.pdf; https://tenders.go.ke/storage/Documents/1791304055157-standard-open-tender-document-for-goods.pdf,12 days
307621,MOSOP NG-CDF/CHEPKEMELSENSCH/BUS/ONT/03/2026/2027,SUPPLY AND DELIVERY OF A 51 SEATER SCHOOL BUS FOR CHEPKEMEL SENIOR SCHOOL IN MOSOP CONSTITUENCY,NGCDF MOSOP,Open Tender,Goods,2026-10-21 10:00:00,2026-10-06,0,0,Mosop National Government Constituencies Development Fund Office (Boardroom) P.O Box 121-30303 Kabiyet.,0,90,31,KABIYET,cdfmosop@ngcdf.go.ke,+254 770 331000,2026/2027,ocds-5whusi-307621-MOSOPNG-CDF/CHEPKEMELSENSCH/BUS/ONT/03/2026/2027,0,https://tenders.go.ke/storage/Documents/1791303654828-tender-advertisement.pdf; https://tenders.go.ke/storage/Documents/1791303654841-standard-open-tender-document-for-goods.pdf,12 days
307619,MOSOP NG-CDF/STAUGUSTMURUTOSCH/BUS/ONT/02/2026/2027,SUPPLY AND DELIVERY OF A 51 SEATER SCHOOL BUS FOR ST.AUGUSTINE MURUTO BOARDING PRIMARY SCHOOL IN MOSOP CONSTITUENCY,NGCDF MOSOP,Open Tender,Goods,2026-10-21 10:00:00,2026-10-06,0,0,Mosop National Government Constituencies Development Fund Office (Boardroom)P.O Box 121-30303 Kabiyet.,0,90,31,KABIYET,cdfmosop@ngcdf.go.ke,+254 770 331000,2026/2027,ocds-5whusi-307619-MOSOPNG-CDF/STAUGUSTMURUTOSCH/BUS/ONT/02/2026/2027,0,https://tenders.go.ke/storage/Documents/1791303392812-tender-advertisement.pdf; https://tenders.go.ke/storage/Documents/1791303392830-standard-open-tender-document-for-goods.pdf,12 days
307618,MOSOP NG-CDF/ACKBKOGOCHEPTILSCH/BUS1/ONT/01/2026/2027,SUPPLY AND DELIVERY OF A 51 SEATER SCHOOL BUS FOR ACK BISHOP KOGO CHEPTIL SCHOOL IN MOSOP CONSTITUENCY,NGCDF MOSOP,Open Tender,Goods,2026-10-21 10:00:00,2026-10-06,0,0,Mosop National Government Constituencies Development Fund Office(Board Room) P.O Box 121-30303 Kabiyet.,0,90,31,KABIYET,cdfmosop@ngcdf.go.ke,+254 770 331000,2026/2027,ocds-5whusi-307618-MOSOPNG-CDF/ACKBKOGOCHEPTILSCH/BUS1/ONT/01/2026/2027,0,https://tenders.go.ke/storage/Documents/1791303051899-advertisement-for-tender.pdf; https://tenders.go.ke/storage/Documents/1791303051916-standard-open-tender-document-for-purchase-of-goods.pdf,12 days
307173,SIBO/TEND/PREQ/2026-2028,"PREQUALIFICATION /REGISTRATION OF SUPPLIERS FOR GOODS, WORKS AND SERVICES FOR THE FINANCIAL YEARS 2026-2027 AND 2027 - 2028",SIAYA BONDO WATER AND SANITATION COMPANY LIMITED,Open Tender,Goods,2026-10-21 10:00:00,2026-10-01,0,0,"SIBOWASCO BOARDROOM, LOCATED AT SIBOWASCO HEAD OFFICE",0,120,20,SIAYA,SIBOWASCO@GMAIL.COM,+254 715 500071,2026/2027,ocds-5whusi-307173-SIBO/TEND/PREQ/2026-2028,0,https://tenders.go.ke/storage/Documents/1790863408374-prequalification-registration-of-suppliers-for-goods-works-and-services-for-the-financ.pdf,12 days
307825,KWS/FC/NSW-ORPH&KSM IMPALA/39/2026-2027,"FRAMEWORK CONTRACTING FOR PROVISION OF SUPPLY & DELIVERY OF  PERISHABLE AND NON-PERISHABLE FOODSTUFF (FOR YEAR 2026/2027,  2027/2028, 2028/2029)",Kenya Wildlife Service,Framework Agreements,Goods,2026-10-21 11:00:00,2026-10-08,0,0,VET BOARDROOM,0,210,1,,naisoi@kws.go.ke;hps@kws.go.ke;kws@kws.go.ke,+254722833458,2026/2027,ocds-5whusi-307825-KWS/FC/NSW-ORPH&KSMIMPALA/39/2026-2027,0,https://tenders.go.ke/storage/Documents/1791440828003-framework-contracting-for-provision-of-supply-delivery-of-perishable-and-non-perishabl.pdf,12 days
307783,ST.THOMAS KAVINGONI SECONDARY/T/001/2026- 2027,PROPOSED SUPPLY AND DELIVERY OF 1NO.51 SEATER SEMI LUXURY BUS DIESEL ENGINE FOR ST.THOMAS KAVINGONI SECONDARY  SCHOOL,MAKUENI NGCDF,Open Tender,Goods,2026-10-21 11:00:00,2026-10-07,0,0,MAKUENI NG-CDF BOARDROOM,1000,90,4,WOTE-MAKUENI,makuenicdf@gmail.com,+254 712 449205,2026/2027,ocds-5whusi-307783-ST.THOMASKAVINGONISECONDARY/T/001/2026-2027,0,https://tenders.go.ke/storage/Documents/1791380598672-tender-document.pdf,12 days
307553,GMC/OOG/FWA/002/2026-2027 & 2027-2028,PROVISION OF AIR TRAVE AND TICKETING AGENCY SERVICES.,Machakos County Government,Framework Agreements,Non Consultancy Services,2026-10-21 11:00:00,2026-10-06,0,0,COUNTY GOVERNMENT OF ACHAKOS - HEADQUARTERD,0,120,3,,jnzambu@gmail.com,+254724849990,2026/2027,ocds-5whusi-307553-GMC/OOG/FWA/002/2026-2027&2027-2028,0,https://tenders.go.ke/storage/Documents/1791285704127-provision-of-air-trave-and-ticketing-agency-services.pdf,12 days
307550,GMC/OOG/FWA/001/2026-2027 & 2027-2028,"PROVISION OF EVENT MANAGEMENT SERVICE,TENTS,CHAIRS,STAGE ASSEMBLY AND SOUND(P.A)SERVICE",Machakos County Government,Framework Agreements,Non Consultancy Services,2026-10-21 11:00:00,2026-10-06,0,0,COUNTY GOVERNMENT OF MACHAKOS HEADQUARTERS,0,120,3,,jnzambu@gmail.com,+254724849990,2026/2027,ocds-5whusi-307550-GMC/OOG/FWA/001/2026-2027&2027-2028,0,https://tenders.go.ke/storage/Documents/1791284609419-provision-of-event-management-servicetentschairsstage-assembly-and-soundpaservice.pdf,12 days
307495,KEBS-SRBS/T001/2026/2027,PROVISION OF FUND MANAGEMENT SERVICES,Kenya Bureau of Standards,Open Tender,Consultancy Services,2026-10-21 11:00:00,2026-10-06,0,0,"KEBS Head Office, Popo Road off Mombasa Road",0,182,1,,infoj@kebs.org,+ 254 (20) 694 8000,2026/2027,ocds-5whusi-307495-KEBS-SRBS/T001/2026/2027,0,https://tenders.go.ke/storage/Documents/1791272393305-provision-of-fund-management-services.pdf,12 days
307489,KWS/ONT/B&F/32/2026-2027,"CONSTRUCTION AND INSTALLATION OF TROPHY ROOM DISPLAY RACKS, INCLUDING THREE (3) SUMP PITS AND SUBMERSIBLE PUMPS AT KWS HEADQUARTERS",Kenya Wildlife Service,Open Tender,Works,2026-10-21 11:00:00,2026-10-06,1,1,Veterinary Conference Room,0,156,1,,naisoi@kws.go.ke;hps@kws.go.ke;kws@kws.go.ke,+254722833458,2026/2027,ocds-5whusi-307489-KWS/ONT/B&F/32/2026-2027,0,https://tenders.go.ke/storage/Documents/1791270363656-construction-and-installation-of-trophy-room-display-racks-including-three-3-sump-pits.pdf,12 days
307754,TTTC/2026-2027/001,Proposed Development of Sports Stands Along Field Track,THOGOTOTEACHERS TRAINING COLLEGE,Open Tender,Works,2026-10-21 12:00:00,2026-10-07,0,0,LRC HALL,0,120,5,KIKUYU,thgototeacherscollege@yahoo.com,0716113560,2026/2027,ocds-5whusi-307754-TTTC/2026-2027/001,0,https://tenders.go.ke/storage/Documents/1791376030430-development-of-sports-stand-tender-notice.pdf; https://tenders.go.ke/storage/Documents/1791376030465-development-of-sports-stand-tender-notice.pdf,12 days
306833,MINT/TDT/SC/02/2026/2027,PROPOSED CONSTRUCTION OF CHIEF’S OFFICE FOR NATIONAL GOVERNMENT  ADMINISTRATIVE OFFICER- CHIEF/ASSISTANT CHIEF OFFICE KIPYAOR LOCATION  (TINDIRET SUB-COUNTY),DCC TINDERET SUB COUNTY,Open Tender,Works,2026-10-21 12:00:00,2026-09-28,0,0,DCC's office-Tindiret sub-county,0,120,31,SONGHOR,paulkiplagat90@yahoo.com,+254 723 101628,2026/2027,ocds-5whusi-306833-MINT/TDT/SC/02/2026/2027,0,https://tenders.go.ke/storage/Documents/1790592691190-tender-advert.pdf; https://tenders.go.ke/storage/Documents/1790592691210-tender-document.pdf,12 days
306830,MINT/TDT/SC/01/2026/2027,PROPOSED CONSTRUCTION OF ASSISTANT COUNTY COMMISSIONER(ACC’S) OFFICE  BLOCK- TINDIRET DIVISION,DCC TINDERET SUB COUNTY,Open Tender,Works,2026-10-21 12:00:00,2026-09-28,0,0,DCC's Tindiret Sub-county boardroom,0,120,31,SONGHOR,paulkiplagat90@yahoo.com,+254 723 101628,2026/2027,ocds-5whusi-306830-MINT/TDT/SC/01/2026/2027,0,https://tenders.go.ke/storage/Documents/1790590787783-tender-advert.pdf; https://tenders.go.ke/storage/Documents/1790592242476-tender-document.pdf,12 days
307464,2418088-2026/2027,FRAMEWORK CONTRACT FOR PROVISION OF TRAINING SERVICES,County Assembly Of Lamu,Framework Agreements,Consultancy Services,2026-10-22 10:00:00,2026-10-06,0,0,COUNTY ASSEMBLY BOARDROOM ON THE IFMIS SYSTEM,0,210,9,,,0,2026/2027,ocds-5whusi-307464-2418088-2026/2027,0,https://tenders.go.ke/storage/Documents/1791215899364-framework-contract-for-provision-of-training-services.pdf; https://tenders.go.ke/storage/Documents/1791215899386-invitation-to-tender.pdf,13 days
307285,LUA/NG-CDF/01/2026-2027,PROPOSED CONSTRUCTION OF ONE STOREY WITH 6.NO CLASSROOMS BUILDING AT EMMUTSA PRIMARY SCHOOL IN LUANDA CONSTITUENCY,NG-CDF LUANDA,Open Tender,Works,2026-10-22 10:00:00,2026-09-08,0,0,NG-CDF Boardroom,0,160,17,LUANDA,cdfluanda@ngcdf.go.ke,+254 725 607537,2026/2027,ocds-5whusi-307285-LUA/NG-CDF/01/2026-2027,0,https://tenders.go.ke/storage/Documents/1790937625837-advert.pdf; https://tenders.go.ke/storage/Documents/1790937625871-tender-document.pdf,13 days
305657,CBK/028/2026-2027,"TENDER FOR SUPPLY, INSTALLATION, TESTING, TRAINING AND COMMISSIONING OF INTEGRATED SECURITY SYSTEM FOR CENTRAL BANK OF KENYA",Central Bank of Kenya,Open Tender,Goods,2026-10-22 10:30:00,2026-09-14,1,3,"Central Bank of Kenya, Head Office in Nairobi, Senior Staff canteen room on 6th floor",0,140,1,,Comms@centralbank.go.ke,0202860000,2026/2027,ocds-5whusi-305657-CBK/028/2026-2027,0,https://tenders.go.ke/storage/Documents/1789392849578-tender-document-supply-installation-testing-training-and-commissioning-of-integrated-s.pdf; https://tenders.go.ke/storage/Documents/1789392849608-tender-document-supply-installation-testing-training-and-commissioning-of-integrated-s.pdf,13 days
307885,MCFDMA/TFR/001/2026/2027,SUPPLY AND DELIVERY OF FRESH APPLE MANGOES TO MAKUENI COUNTY FRUIT DEVELOPMENTAUTHORITY (KALAMBA) – TWO (2) YEAR FRAMEWORK AGREEMENT,Makueni County Government,Framework Agreements,Goods,2026-10-22 11:00:00,2026-10-08,0,0,BOARD ROOM AT MCFDMA KALAMBA PREMISES,0,140,4,,mail@makueni.go.ke,020-2034944,2026/2027,ocds-5whusi-307885-MCFDMA/TFR/001/2026/2027,0,https://tenders.go.ke/storage/Documents/1791453029728-supply-and-delivery-of-fresh-apple-mangoes-to-makueni-county-fruit-developmentauthorit.pdf,13 days
307566,OAG/7/0001/2026-27,PROVISION OF AUDIT SERVICES TO SELECTED PUBLIC SECONDARY SCHOOLS,Office of the Auditor General,Open Tender,Non Consultancy Services,2026-10-22 11:00:00,2026-10-06,0,0,www.egpkenya.go.ke and through the link -  https://teams.microsoft.com/meet/333054666021752?p=nOnocz68IR5BgrHq6V,0,126,1,,isaac.ayoyi@oagkenya.go.ke,0726274255,2026/2027,ocds-5whusi-307566-OAG/7/0001/2026-27,0,https://tenders.go.ke/storage/Documents/1791288348174-invitation-to-tender-notice.pdf; https://tenders.go.ke/storage/Documents/1791288348212-e-gp-system-extracted-tender-document.pdf,13 days
307468,KEN-2000003938-0011-CS-QCBS,"REOI for Consultancy Services to Undertake Baseline Studies on the Status of Deforestation, Wetlands, Riparian Ecosystems, Groundwater Potential under the Integrated Natural Resources Management Programme (INReMP)",Integrated Natural Resources Management Programme (INReMP),Expression of Interest,Consultancy Services,2026-10-22 11:00:00,2026-10-06,0,0,"First-Floor Boardroom, Agriculture Mechanization Services (AMS) Building, Eldoret–Ziwa Road, Opposite the University of Eldoret Eldoret, Kenya.",0,90,30,Eldoret,inremp@kilimo.go.ke,+254 721 813908,2026/2027,ocds-5whusi-307468-KEN-2000003938-0011-CS-QCBS,0,https://tenders.go.ke/storage/Documents/1791225777606-reoi-for-consultancy-services-to-undertake-baseline-studies-on-the-status-of-deforesta.pdf; https://tenders.go.ke/storage/Documents/1791294265034-specific-procurement-notice.pdf,13 days
306495,BGHS/01/23/09/266,Proposed Construction of a laboratory at ACK Busiada Girls Senior School,ACK BUSIADA GIRLS SECONDARY SCHOOL,Prequalification,Works,2026-10-22 12:00:00,2026-09-24,0,0,"ACK Busiada Girls Senior School, School Library",0,21,19,BUMALA,busiadagirls2014@gmail.com,708856053,2026/2027,ocds-5whusi-306495-BGHS/01/23/09/266,0,https://tenders.go.ke/storage/Documents/1790233517186-tender-document.pdf; https://tenders.go.ke/storage/Documents/1790233517224-tender-invitation.pdf,13 days
305739,LVSWWDA/PQ/2/2026-27/LVWATSAN/WP2/LOT 2,"Construction of Dunga Water Intake, Raw Water Pumping Station, Water  Treatment Plant and Associated Facilities in Kisumu, Kenya- Works  Package 2 LOT 2",Lake Victoria South Water Services Board,Prequalification,Works,2026-10-22 12:00:00,2026-09-15,0,0,LVSWWDA BOARDROOM B,0,0,1,,joteng@lvswaterboard.go.ke,+254722987871,2026/2027,ocds-5whusi-305739-LVSWWDA/PQ/2/2026-27/LVWATSAN/WP2/LOT2,0,https://tenders.go.ke/storage/Documents/1789467482672-prequalification-notice.pdf; https://tenders.go.ke/storage/Documents/1789467482703-prequalification-document-works-package-2-lot-2.pdf,13 days
306542,MIC/PROC/22/001/2026-2027,REGISTRATION OF SUPPLIERS/ CONSULTANTS FOR THE FINANCIAL YEARS 2026 – 2027/2027 – 2028,Mombasa Investment Corporation,Open Tender,Works,2026-10-23 10:00:00,2026-09-24,0,0,MOMBASA INVESTMENT CORPORATION (MIC) BOARDROOM,0,60,13,Mombasa,info.mic@mombasa.go.ke,0717775103,2026/2027,ocds-5whusi-306542-MIC/PROC/22/001/2026-2027,0,https://tenders.go.ke/storage/Documents/1790252416063-registration-of-suppliersconsultants-for-the-financial-years-2026-20272027-2028.pdf,14 days
282534,BSA/CG/WIENRCCE/113/2025/2026,Rehabilitation of Alema Community Water Project and Development of Dakhiro Community Water Project- Nangina and Agenga Nanguba Ward,Busia County Government,Open Tender,Works,2026-10-23 10:00:00,2026-03-10,0,0,BOADROOM,0,150,19,,,0,2025/2026,ocds-5whusi-282534-BSA/CG/WIENRCCE/113/2025/2026,0,https://tenders.go.ke/storage/Documents/1773214063915-rehabilitation-of-alema-community-water-project-and-development-of-dakhiro-community-water-project-nangina-and-agenga-nanguba-ward.pdf; https://tenders.go.ke/storage/Documents/1773214063937-boq.pdf,14 days
307900,TENDER NO. TUK/PSC/T/002/2026/2027,"SUPPLY, INSTALLATION, TESTING, TRAINING, COMMISSIONING AND MAINTENANCE OF INTEGRATED ENTERPRISE RESOURCE PLANNING SYSTEM",Technical University of Kenya,Open Tender,Non Consultancy Services,2026-10-23 11:00:00,2026-10-08,0,0,SAMSUNG ROOM,500000,120,1,,gwarofm@gmail.com,+254722177815,2026/2027,ocds-5whusi-307900-TENDERNO.TUK/PSC/T/002/2026/2027,0,https://tenders.go.ke/storage/Documents/1791456589536-tender-notice.pdf; https://tenders.go.ke/storage/Documents/1791456589587-tender-document.pdf,14 days
307793,KNP/SIFA/ToT/S/03/2026,"Consulting Services for Training of Trainers (ToT) in Agribusiness Incubation, Blended  Learning, Pedagogy & Didactics, and Equipment Maintenance",KISII NATIONAL POLYTECHNIC,Open Tender,Consultancy Services,2026-10-23 11:00:00,2026-10-07,0,0,Council Boardroom,0,120,24,KISII,ogaromicah2007@yahoo.com,0700152177,2026/2027,ocds-5whusi-307793-KNP/SIFA/ToT/S/03/2026,0,https://tenders.go.ke/storage/Documents/1791383341981-kisii-np-final-training-of-trainers-eoi.pdf; https://tenders.go.ke/storage/Documents/1791383342015-tender-advert.pdf,14 days
307627,KITUITTC/007/2026-2027,PROPOSED CONSTRUCTION OF DINING HALL AND FEMALE BATHROOMS,KITUI TEACHERS TRAINING COLLEGE,Open Tender,Works,2026-10-23 12:00:00,2026-10-06,0,0,COLLEGE BOARDROOM,1000,120,2,KITUI,kituicollege@gmail.com,0797243549,2026/2027,ocds-5whusi-307627-KITUITTC/007/2026-2027,0,https://tenders.go.ke/storage/Documents/1791307756864-proposed-construction-of-dining-hall-and-female-bathrooms.pdf; https://tenders.go.ke/storage/Documents/1791307756898-proposed-construction-of-dining-hall-and-female-bathrooms.pdf,14 days
307563,KR/SCM/WB/004/2025-2026,TERMS OF REFERENCE FOR INDIVIDUAL CONSULTANT - SIGNALLING AND TELECOMMUNICATION ENGINEERING EXPERT (RE-TENDER),Kenya Railways ,Request for Proposals,Consultancy Services,2026-10-26 11:00:00,2026-10-06,0,0,Tenders will be opened immediately after the deadline date and time specified above in the presence of the Tenderers' designated representatives who choose to attend,0,210,1,,jkairianja@krc.co.ke,+254722484158,2026/2027,ocds-5whusi-307563-KR/SCM/WB/004/2025-2026,0,https://tenders.go.ke/storage/Documents/1791288102664-krscmwb0042025-2026-terms-of-reference-for-individual-consultant-signalling-and-teleco.pdf,17 days
307567,KR/SCM/WB/002/2026-2027,TERMS OF REFERENCE FOR INDIVIDUAL CONSULTANT - RAILWAY ELECTRICAL SYSTEMS ENGINEERING EXPERT (RE-TENDER),Kenya Railways ,Request for Proposals,Consultancy Services,2026-10-26 14:00:00,2026-10-06,0,0,Tenders will be opened immediately after the deadline date and time specified above in the presence of the Tenderers' designated representatives who choose to attend,0,210,1,,jkairianja@krc.co.ke,+254722484158,2026/2027,ocds-5whusi-307567-KR/SCM/WB/002/2026-2027,0,https://tenders.go.ke/storage/Documents/1791288552084-krscmwb0022026-2027-terms-of-reference-for-individual-consultant-railway-electrical-sy.pdf,17 days
307579,GF ATM HIV GC7/OIT 03/2026-2027,SUPPLY OF ARVS ADULTS MEDICINES II,Kenya Medical Supplies Authority,Open Tender,Goods,2026-10-27 10:00:00,2026-10-06,0,0,KEMSA’s Tender Opening Hall,0,210,1,,john.kabuchi@kemsa.co.ke,+254721733395,2026/2027,ocds-5whusi-307579-GFATMHIVGC7/OIT03/2026-2027,0,https://tenders.go.ke/storage/Documents/1791292131847-supply-of-arvs-adults-medicines-ii.pdf; https://tenders.go.ke/storage/Documents/1791292131865-supply-of-arvs-adults-medicines-ii.pdf,18 days
307577,GF ATM HIV GC7/OIT 02/2026-2027,SUPPLY OF ARVS ADULT MEDICINES I,Kenya Medical Supplies Authority,Open Tender,Goods,2026-10-27 10:00:00,2026-10-06,0,0,KEMSA’s Tender Opening Hall,0,210,1,,john.kabuchi@kemsa.co.ke,+254721733395,2026/2027,ocds-5whusi-307577-GFATMHIVGC7/OIT02/2026-2027,0,https://tenders.go.ke/storage/Documents/1791291500414-supply-of-arvs-adult-medicines-i.pdf; https://tenders.go.ke/storage/Documents/1791291500441-supply-of-arvs-adult-medicines-i.pdf,18 days
307573,GF ATM HIV GC7/OIT01/2026-2027,SUPPLY OF ARVS PEDIATRICS MEDICINES,Kenya Medical Supplies Authority,Open Tender,Goods,2026-10-27 10:00:00,2026-10-06,0,0,KEMSA’s Tender Opening Hall,0,210,1,,john.kabuchi@kemsa.co.ke,+254721733395,2026/2027,ocds-5whusi-307573-GFATMHIVGC7/OIT01/2026-2027,0,https://tenders.go.ke/storage/Documents/1791291337014-supply-of-arvs-pediatrics-medicines.pdf; https://tenders.go.ke/storage/Documents/1791291337044-supply-of-arvs-pediatrics-medicines.pdf,18 days
307568,KR/SCM/WB/003/2026-2027,TERMS OF REFERENCE FOR INDIVIDUAL CONSULTANT - TRANSIT-ORIENTED DEVELOPMENT EXPERT,Kenya Railways ,Request for Proposals,Consultancy Services,2026-10-27 11:00:00,2026-10-06,0,0,Tenders will be opened immediately after the deadline date and time specified above in the presence of the Tenderers' designated representatives who choose to attend,0,210,1,,jkairianja@krc.co.ke,+254722484158,2026/2027,ocds-5whusi-307568-KR/SCM/WB/003/2026-2027,0,https://tenders.go.ke/storage/Documents/1791288779856-krscmwb0032026-2027-terms-of-reference-for-individual-consultant-transit-oriented-deve.pdf,18 days
307565,KR/SCM/WB/005/2026-2027,TERMS OF REFERENCE FOR INDIVIDUAL EXPERT - RAIL CIVIL ENGINEERING EXPERT (RE-TENDER),Kenya Railways ,Request for Proposals,Consultancy Services,2026-10-27 14:00:00,2026-10-06,0,0,Tenders will be opened immediately after the deadline date and time specified above in the presence of the Tenderers' designated representatives who choose to attend,0,210,1,,jkairianja@krc.co.ke,+254722484158,2026/2027,ocds-5whusi-307565-KR/SCM/WB/005/2026-2027,0,https://tenders.go.ke/storage/Documents/1791288319078-krscmwb0052025-2026-terms-of-reference-for-individual-expert-rail-civil-engineering-ex.pdf,18 days
306091,GMC/WIECC/OT/10/2O26-2027,DE SILTING OF  MALUVA EARTH DAM- TALA WARD,Machakos County Government,Open Tender,Works,2026-10-28 00:00:00,2026-09-18,1,2,DEPARTMENT OF WATER AND IRRIGATION,0,90,3,,jnzambu@gmail.com,+254724849990,2026/2027,ocds-5whusi-306091-GMC/WIECC/OT/10/2O26-2027,0,https://tenders.go.ke/storage/Documents/1789991493935-de-silting-of-maluva-earth-dam-tala-ward.pdf; https://tenders.go.ke/storage/Documents/1789991493963-de-silting-of-maluva-earth-dam-tala-ward.pdf,19 days
307575,KEMSA/GOK CPF MAL/OIT 02/2026-2027,SUPPLY OF MALARIA RAPID DIAGNOSTIC TEST (MRDT) KIT,Kenya Medical Supplies Authority,Open Tender,Goods,2026-10-28 10:00:00,2026-10-06,0,0,"KEMSA TENDER OPENING HALL, EMBAKASI SUPPLY CHAIN CENTRE, OFFICE COMPLEX, GROUND FLOOR",0,210,1,,john.kabuchi@kemsa.co.ke,+254721733395,2026/2027,ocds-5whusi-307575-KEMSA/GOKCPFMAL/OIT02/2026-2027,0,https://tenders.go.ke/storage/Documents/1791291408272-supply-of-malaria-rapid-diagnostic-test-mrdt-kit.pdf; https://tenders.go.ke/storage/Documents/1791291408316-advert-notice.pdf,19 days
307557,KEMSA/GOK CPF MAL/OIT01/2026-2027,SUPPLY OF ANTIMALARIAL MEDICINES,Kenya Medical Supplies Authority,Open Tender,Goods,2026-10-28 10:00:00,2026-10-06,1,1,"KEMSA TENDER OPENING HALL, EMBAKASI SUPPLY CHAIN CENTRE, OFFICE COMPLEX, GROUND FLOOR",0,210,1,,john.kabuchi@kemsa.co.ke,+254721733395,2026/2027,ocds-5whusi-307557-KEMSA/GOKCPFMAL/OIT01/2026-2027,0,https://tenders.go.ke/storage/Documents/1791286800758-supply-of-antimalarial-medicines.pdf; https://tenders.go.ke/storage/Documents/1791286800796-advert-notice.pdf,19 days
307539,KEMSA/GOK CPF HIV/OIT 01/2026-2027,SUPPLY OF ARV MEDICNES,Kenya Medical Supplies Authority,Open Tender,Goods,2026-10-28 10:00:00,2026-10-06,0,0,"KEMSA TENDER OPENING HALL, EMBAKASI SUPPLY CHAIN CENTRE, OFFICE COMPLEX, GROUND FLOOR",0,210,1,,john.kabuchi@kemsa.co.ke,+254721733395,2026/2027,ocds-5whusi-307539-KEMSA/GOKCPFHIV/OIT01/2026-2027,0,https://tenders.go.ke/storage/Documents/1791281048855-supply-of-arv-medicnes.pdf; https://tenders.go.ke/storage/Documents/1791281048881-advert-notice.pdf,19 days
307605,GF ATM HIV GC7/OIT05/2026-2027,SUPPLY OF HEPATITIS B SURFACE & CRYPTOCOCCAL ANTIGEN TESTS,Kenya Medical Supplies Authority,Open Tender,Goods,2026-10-29 10:00:00,2026-10-06,0,0,KEMSA’s Tender Opening Hall,0,210,1,,john.kabuchi@kemsa.co.ke,+254721733395,2026/2027,ocds-5whusi-307605-GFATMHIVGC7/OIT05/2026-2027,0,https://tenders.go.ke/storage/Documents/1791293583255-supply-of-hepatitis-b-surface-cryptococcal-antigen-tests.pdf; https://tenders.go.ke/storage/Documents/1791293583283-supply-of-hepatitis-b-surface-cryptococcal-antigen-tests.pdf,20 days
307602,GF ATM HIV GC7/OIT04/2026-2027,SUPPLY OF MEDICINES FOR OPPORTUNISTIC INFECTIONS (OIs),Kenya Medical Supplies Authority,Open Tender,Goods,2026-10-29 10:00:00,2026-10-06,0,0,KEMSA’s Tender Opening Hall,0,210,1,,john.kabuchi@kemsa.co.ke,+254721733395,2026/2027,ocds-5whusi-307602-GFATMHIVGC7/OIT04/2026-2027,0,https://tenders.go.ke/storage/Documents/1791293376427-supply-of-medicines-for-opportunistic-infections-ois.pdf; https://tenders.go.ke/storage/Documents/1791293376445-supply-of-medicines-for-opportunistic-infections-ois.pdf,20 days
307543,KEMSA/GOK CPF HIV/OIT 03/2026-2027,SUPPLY OF HEPATITIS B RAPID DIAGNOSTIC TESTS (RDTs),Kenya Medical Supplies Authority,Open Tender,Goods,2026-10-29 10:00:00,2026-10-06,0,0,"KEMSA TENDER OPENING HALL, EMBAKASI SUPPLY CHAIN CENTRE, OFFICE COMPLEX, GROUND FLOOR",0,210,1,,john.kabuchi@kemsa.co.ke,+254721733395,2026/2027,ocds-5whusi-307543-KEMSA/GOKCPFHIV/OIT03/2026-2027,0,https://tenders.go.ke/storage/Documents/1791281790278-supply-of-hepatitis-b-rapid-diagnostic-tests-rdts.pdf; https://tenders.go.ke/storage/Documents/1791281790300-advert-notice.pdf,20 days
307542,KEMSA/GOK CPF HIV/OIT 02/2026-2027,SUPPLY OF HIV BLOOD-BASED SELF-TEST KITS,Kenya Medical Supplies Authority,Open Tender,Goods,2026-10-29 10:00:00,2026-10-06,1,1,"KEMSA TENDER OPENING HALL, EMBAKASI SUPPLY CHAIN CENTRE, OFFICE COMPLEX, GROUND FLOOR",0,210,1,,john.kabuchi@kemsa.co.ke,+254721733395,2026/2027,ocds-5whusi-307542-KEMSA/GOKCPFHIV/OIT02/2026-2027,0,https://tenders.go.ke/storage/Documents/1791281320687-supply-of-hiv-blood-based-self-test-kits.pdf; https://tenders.go.ke/storage/Documents/1791281320706-advert-notice.pdf,20 days
305796,KE-ICTA-538567-NC-RFB,Extending National Backbone and Cross Border Links Lot 1: National Backbone Links  Lot 2: Cross Border & Metro Links,ICT Authority,Framework Agreements,Non Consultancy Services,2026-10-29 10:00:00,2026-09-15,0,0,"12th Floor Boardroom, ICT Authority, Kenyatta Avenue",0,150,1,Nairobi,info@icta.go.ke,+254202211960,2026/2027,ocds-5whusi-305796-KE-ICTA-538567-NC-RFB,0,https://tenders.go.ke/storage/Documents/1789548651424-tender-document.pdf; https://tenders.go.ke/storage/Documents/1789548651460-tender-notice.pdf,20 days
305939,KE-WRA-570713-CW-RFB,PROCUREMENT OF DRILLING OF 2NO. EXPLORATORY BOREHOLES AT BULA WAJIR IDP VILLAGE (ELWAK) AND AYAN (TAKABA) AREAS IN MANDERA COUNTY,Water Resources Authority,Open Tender,Works,2026-10-29 12:00:00,2026-09-18,0,0,"BOARDROOM, WRA HEADQUARTERS 9TH FLOOR",1300000,152,1,Nairobi,procurement@wra.go.ke,+254721634891,2026/2027,ocds-5whusi-305939-KE-WRA-570713-CW-RFB,0,https://tenders.go.ke/storage/Documents/1789718445996-tender-notice.pdf; https://tenders.go.ke/storage/Documents/1789718446033-tender-document.pdf; https://tenders.go.ke/storage/Documents/1789718446055-environmental-and-social-management-and-monitoring-plan-esmmop-elwak.pdf; https://tenders.go.ke/storage/Documents/1789718446063-environmental-and-social-management-and-monitoring-plan-esmmop-mandera-west.pdf,20 days
306902,MITI/SDI/005/2026-2027,"Supply, Delivery, Installation, Commissioning, Testing, Training and Two (2) Year Technical Support for Garissa County Aggregation Industrial Parks (CAIPs) Milk Processing Equipment",Industrialization,Open Tender,Goods,2026-10-30 00:00:00,2026-09-22,1,2,"NSSF Building, Bishop Road, Nairobi, 23rd floor Boardroom",0,287,1,,edith.wangari@gmail.com,+254 20-2731531,2026/2027,ocds-5whusi-306902-MITI/SDI/005/2026-2027,0,https://tenders.go.ke/storage/Documents/1790666085358-tender-avert.pdf; https://tenders.go.ke/storage/Documents/1790666085388-tender-document.pdf,21 days
306249,MITI/SDI/017/2026-2027,"Supply, Delivery, Installation, Commissioning, Testing, Training and Two (2) Year Technical Support for Kwale County Aggregation Industrial Parks (CAIPs) Cashew Nuts Processing Equipment",Industrialization,Open Tender,Goods,2026-10-30 00:00:00,2026-09-22,1,2,"NSSF Building, Bishops Road, Nairobi, 23rd floor Boardroom",0,287,1,,edith.wangari@gmail.com,+254 20-2731531,2026/2027,ocds-5whusi-306249-MITI/SDI/017/2026-2027,0,https://tenders.go.ke/storage/Documents/1790075247499-tender-notice.pdf; https://tenders.go.ke/storage/Documents/1790082147385-tender-document.pdf,21 days
306248,MITI/SDI/016/2026-2027,"Supply, Delivery, Installation, Commissioning, Testing, Training and Two (2) Year Technical Support for Kakamega County Aggregation Industrial Parks (CAIPs) Maize Processing Equipment",Industrialization,Open Tender,Goods,2026-10-30 00:00:00,2026-09-22,1,2,"NSSF Building, Bishops Road, Nairobi, 23rd floor Boardroom",0,287,1,,edith.wangari@gmail.com,+254 20-2731531,2026/2027,ocds-5whusi-306248-MITI/SDI/016/2026-2027,0,https://tenders.go.ke/storage/Documents/1790075138611-tender-notice.pdf; https://tenders.go.ke/storage/Documents/1790082109282-tender-document.pdf,21 days
306247,MITI/SDI/015/2026-2027,"Supply, Delivery, Installation, Commissioning, Testing, Training and Two (2) Year Technical Support for Bungoma County Aggregation Industrial Parks (CAIPs) Coffee Processing Equipment",Industrialization,Open Tender,Goods,2026-10-30 00:00:00,2026-09-22,1,2,"NSSF Building, Bishops Road, Nairobi, 23rd floor Boardroom",0,287,1,,edith.wangari@gmail.com,+254 20-2731531,2026/2027,ocds-5whusi-306247-MITI/SDI/015/2026-2027,0,https://tenders.go.ke/storage/Documents/1790075022860-tender-notice.pdf; https://tenders.go.ke/storage/Documents/1790082053821-tender-document.pdf,21 days
306246,MITI/SDI/014/2026-2027,"Supply, Delivery, Installation, Commissioning, Testing, Training and Two (2) Year Technical Support for Kiambu County Aggregation Industrial Parks (CAIPs) Coffee Processing Equipment",Industrialization,Open Tender,Goods,2026-10-30 00:00:00,2026-09-22,1,2,"NSSF Building, Bishops Road, Nairobi, 23rd floor Boardroom",0,287,1,,edith.wangari@gmail.com,+254 20-2731531,2026/2027,ocds-5whusi-306246-MITI/SDI/014/2026-2027,0,https://tenders.go.ke/storage/Documents/1790074911335-tender-notice.pdf; https://tenders.go.ke/storage/Documents/1790081976851-tender-document.pdf,21 days
306245,MITI/SDI/013/2026-2027,"Supply, Delivery, Installation, Commissioning, Testing, Training and Two (2) Year Technical Support for Busia County Aggregation Industrial Parks (CAIPs) Cassava Processing Equipment",Industrialization,Open Tender,Goods,2026-10-30 00:00:00,2026-09-22,1,2,"NSSF Building, Bishops Road, Nairobi, 23rd floor Boardroom",0,287,1,,edith.wangari@gmail.com,+254 20-2731531,2026/2027,ocds-5whusi-306245-MITI/SDI/013/2026-2027,0,https://tenders.go.ke/storage/Documents/1790074801892-tender-notice.pdf; https://tenders.go.ke/storage/Documents/1790081902266-tender-document.pdf,21 days
306244,MITI/SDI/012/2026-2027,"Supply, Delivery, Installation, Commissioning, Testing, Training and Two (2) Year Technical Support for Kirinyaga County Aggregation Industrial Parks (CAIPs) Tomato Processing Equipment",Industrialization,Open Tender,Goods,2026-10-30 00:00:00,2026-09-22,1,2,"NSSF Building, Bishops Road, Nairobi, 23rd floor Boardroom",0,287,1,,edith.wangari@gmail.com,+254 20-2731531,2026/2027,ocds-5whusi-306244-MITI/SDI/012/2026-2027,0,https://tenders.go.ke/storage/Documents/1790074689764-tender-notice.pdf; https://tenders.go.ke/storage/Documents/1790081852084-tender-document.pdf,21 days
306243,MITI/SDI/011/2026-2027,"Supply, Delivery, Installation, Commissioning, Testing, Training and Two (2) Year Technical Support for Machakos County Aggregation Industrial Parks (CAIPs) Mango Puree Processing Equipment",Industrialization,Open Tender,Goods,2026-10-30 00:00:00,2026-09-22,1,2,"NSSF Building, Bishops Road, Nairobi, 23rd floor Boardroom",0,287,1,,edith.wangari@gmail.com,+254 20-2731531,2026/2027,ocds-5whusi-306243-MITI/SDI/011/2026-2027,0,https://tenders.go.ke/storage/Documents/1790074581091-tender-notice.pdf; https://tenders.go.ke/storage/Documents/1790081789427-tender-document.pdf,21 days
306242,MITI/SDI/010/2026-2027,"Supply, Delivery, Installation, Commissioning, Testing, Training and Two (2) Year Technical Support for Nakuru County Aggregation Industrial Parks (CAIPs) Potato Processing Equipment",Industrialization,Open Tender,Goods,2026-10-30 00:00:00,2026-09-22,1,2,"NSSF Building, Bishops Road, Nairobi, 23rd floor Boardroom",0,287,1,,edith.wangari@gmail.com,+254 20-2731531,2026/2027,ocds-5whusi-306242-MITI/SDI/010/2026-2027,0,https://tenders.go.ke/storage/Documents/1790074460259-tender-notice.pdf; https://tenders.go.ke/storage/Documents/1790081733417-tender-document.pdf,21 days
306240,MITI/SDI/009/2026-2027,"Supply, Delivery, Installation, Commissioning, Testing, Training and Two (2) Year Technical Support for Homa Bay County Aggregation Industrial Parks (CAIPs) Cotton Processing Equipment",Industrialization,Open Tender,Goods,2026-10-30 00:00:00,2026-09-22,1,2,"NSSF Building, Bishops Road, Nairobi, 23rd floor Boardroom",0,287,1,,edith.wangari@gmail.com,+254 20-2731531,2026/2027,ocds-5whusi-306240-MITI/SDI/009/2026-2027,0,https://tenders.go.ke/storage/Documents/1790074315747-tender-notice.pdf; https://tenders.go.ke/storage/Documents/1790081667119-tender-document.pdf,21 days
306239,MITI/SDI/008/2026-2027,"Supply, Delivery, Installation, Commissioning, Testing, Training and Two (2) Year Technical Support for Migori County Aggregation Industrial Parks (CAIPs) Animal Feeds Processing Equipment",Industrialization,Open Tender,Goods,2026-10-30 00:00:00,2026-09-22,1,2,"NSSF Building, Bishops Road, Nairobi, 23rd floor Boardroom",0,287,1,,edith.wangari@gmail.com,+254 20-2731531,2026/2027,ocds-5whusi-306239-MITI/SDI/008/2026-2027,0,https://tenders.go.ke/storage/Documents/1790074206876-tender-notice.pdf; https://tenders.go.ke/storage/Documents/1790081583396-tender-document.pdf,21 days
306238,MITI/SDI/007/2026-2027,"Supply, Delivery, Installation, Commissioning, Testing, Training and Two (2) Year Technical Support for Wajir County Aggregation Industrial Parks (CAIPs) Camel Meat Processing Equipment",Industrialization,Open Tender,Goods,2026-10-30 00:00:00,2026-09-22,1,2,"NSSF Building, Bishops Road, Nairobi, 23rd floor Boardroom",0,287,1,,edith.wangari@gmail.com,+254 20-2731531,2026/2027,ocds-5whusi-306238-MITI/SDI/007/2026-2027,0,https://tenders.go.ke/storage/Documents/1790074092037-tender-notice.pdf; https://tenders.go.ke/storage/Documents/1790081462347-tender-document.pdf,21 days
306237,MITI/SDI/006/2026-2027,"Supply, Delivery, Installation, Commissioning, Testing, Training and Two (2) Year Technical Support for Trans Nzoia County Aggregation Industrial Parks (CAIPs) Sunflower Oil Processing Equipment",Industrialization,Open Tender,Goods,2026-10-30 00:00:00,2026-09-22,1,2,"NSSF Building, Bishops Road, Nairobi, 23rd floor Boardroom",0,287,1,,edith.wangari@gmail.com,+254 20-2731531,2026/2027,ocds-5whusi-306237-MITI/SDI/006/2026-2027,0,https://tenders.go.ke/storage/Documents/1790073976672-tender-notice.pdf; https://tenders.go.ke/storage/Documents/1790081362648-tender-document.pdf,21 days
306236,MITI/SDI/004/2026-2027,"Supply, Delivery, Installation, Commissioning, Testing, Training and Two (2) Year Technical Support for Uasin Gishu County Aggregation Industrial Parks (CAIPs) Milk Processing Equipment",Industrialization,Open Tender,Goods,2026-10-30 00:00:00,2026-09-22,1,2,"NSSF Building, Bishops Road, Nairobi, 23rd floor Boardroom",0,287,1,,edith.wangari@gmail.com,+254 20-2731531,2026/2027,ocds-5whusi-306236-MITI/SDI/004/2026-2027,0,https://tenders.go.ke/storage/Documents/1790073817757-tender-notice.pdf; https://tenders.go.ke/storage/Documents/1790081265781-tender-document.pdf,21 days
306235,MITI/SDI/003/2026-2027,"Supply, Delivery, Installation, Commissioning, Testing, Training and Two (2) Year Technical Support for Embu County Aggregation Industrial Parks (CAIPs) Macadamia Processing Equipment",Industrialization,Open Tender,Goods,2026-10-30 00:00:00,2026-09-22,1,2,"NSSF Building, Bishops Road, Nairobi, 23rd floor Boardroom",0,287,1,,edith.wangari@gmail.com,+254 20-2731531,2026/2027,ocds-5whusi-306235-MITI/SDI/003/2026-2027,0,https://tenders.go.ke/storage/Documents/1790073687273-tender-notice.pdf; https://tenders.go.ke/storage/Documents/1790081174824-tender-document.pdf,21 days
306234,MITI/SDI/002/2026-2027,"Supply, Delivery, Installation, Commissioning, Testing, Training and Two (2) Year Technical Support for Meru County Aggregation Industrial Parks (CAIPs) Banana Processing Equipment",Industrialization,Open Tender,Goods,2026-10-30 00:00:00,2026-09-22,1,2,"NSSF Building, Bishops Road, Nairobi, 23rd floor Boardroom",0,287,1,,edith.wangari@gmail.com,+254 20-2731531,2026/2027,ocds-5whusi-306234-MITI/SDI/002/2026-2027,0,https://tenders.go.ke/storage/Documents/1790073564456-tender-notice.pdf; https://tenders.go.ke/storage/Documents/1790080984688-tender-document.pdf,21 days
306232,MITI/SDI/001/2026-2027,"Supply, Delivery, Installation, Commissioning, Testing, Training and Two (2) Year Technical Support for Kisii County Aggregation Industrial Parks (CAIPs) Banana Processing Equipment",Industrialization,Open Tender,Goods,2026-10-30 00:00:00,2026-09-22,1,2,"NSSF Building, Bishops Road, Nairobi, 23rd floor Boardroom",0,287,1,,edith.wangari@gmail.com,+254 20-2731531,2026/2027,ocds-5whusi-306232-MITI/SDI/001/2026-2027,0,https://tenders.go.ke/storage/Documents/1790073326020-tender-notice.pdf; https://tenders.go.ke/storage/Documents/1790080761081-tender-document.pdf,21 days
307680,KeNHA/3008/2026,"MULTINATIONAL: KENYA – SOUTH SUDAN ROAD CORRIDOR LESSERU – KITALE AND MORPUS – LOKICHAR ROAD UPGRADING  PROJECT, PHASE 1",Kenya National Highway Authority,Request for Proposals,Consultancy Services,2026-10-30 11:00:00,2026-09-18,0,0,Barabara Plaa,0,150,1,,r.kilel@kenha.co.ke,+254700423606 / 020 4954000,2025/2026,ocds-5whusi-307680-KeNHA/3008/2026,0,https://tenders.go.ke/storage/Documents/1791361641167-rfp-document.pdf,21 days
277945,NEG 2100544,INSTALLATION OF MODERN SOLAR POWERED FLOOD LIGHTS,Embu County Government,Open Tender,Works,2026-11-02 11:00:00,2026-03-02,0,0,MAIN PROCUREMENT OFFICE,0,120,43,,"info@embu.go.ke, procurement@embu.go.ke",+254 771 204 003 +254 703 192 924 +254 68 30686 +254 68 30656,2025/2026,ocds-5whusi-277945-NEG2100544,0,https://tenders.go.ke/storage/Documents/1770358891524-installation-of-modern-solar-powered-flood-lights.pdf; https://tenders.go.ke/storage/Documents/1770358891538-installation-of-modern-solar-powered-flood-lights.pdf,24 days
307545,KEMSA/GOK CPF HIV/OIT 05/2026-2027,SUPPLY OF MEDICINES FOR OPPORTUNISTIC INFECTIONS (OIs),Kenya Medical Supplies Authority,Open Tender,Goods,2026-11-03 10:00:00,2026-10-06,0,0,"KEMSA TENDER OPENING HALL, EMBAKASI SUPPLY CHAIN CENTRE, OFFICE COMPLEX, GROUND FLOOR",0,210,1,,john.kabuchi@kemsa.co.ke,+254721733395,2026/2027,ocds-5whusi-307545-KEMSA/GOKCPFHIV/OIT05/2026-2027,0,https://tenders.go.ke/storage/Documents/1791282332157-supply-of-medicines-for-opportunistic-infections-ois.pdf; https://tenders.go.ke/storage/Documents/1791282332190-advert-notice.pdf,25 days
307544,KEMSA/GOK CPF HIV/OIT 04/2026-2027,SUPPLY OF MALE CONDOMS,Kenya Medical Supplies Authority,Open Tender,Goods,2026-11-03 10:00:00,2026-10-06,0,0,"KEMSA TENDER OPENING HALL, EMBAKASI SUPPLY CHAIN CENTRE, OFFICE COMPLEX, GROUND FLOOR",0,210,1,,john.kabuchi@kemsa.co.ke,+254721733395,2026/2027,ocds-5whusi-307544-KEMSA/GOKCPFHIV/OIT04/2026-2027,0,https://tenders.go.ke/storage/Documents/1791282037605-supply-of-male-condoms.pdf; https://tenders.go.ke/storage/Documents/1791282037638-advert-notice.pdf,25 days
307891,KALRO/FSRP/NCB/001/2026-2027,"Supply, Installation, Testing and Commissioning of 1no. Backup and Replication Software License, 1no. Storage Server, 1no. Data Center Monitoring and Trouble Shooting Workstation and Remote Monitoring Device and 4no. External Backup Drives",Kenya Agricultural & Livestock Research Organization,Open Tender,Goods,2026-11-05 11:00:00,2026-10-08,0,0,"KALRO Headquarters, Kaptagat Road, Conference Room",0,90,1,,george.ayogo@kalro.org,+254722161085,2026/2027,ocds-5whusi-307891-KALRO/FSRP/NCB/001/2026-2027,0,https://tenders.go.ke/storage/Documents/1791453386514-tender-notice.pdf; https://tenders.go.ke/storage/Documents/1791453386562-tender-documents.pdf,27 days
306175,KE-ICTA-570325-NC-RFP,"Supply, Delivery, Installation and Commissioning of Wi-Fi Routers and Related Goods for 600 Universities and TVETs Lot 1: 97 Institutions  Lot 2: 50 Institutions Lot 3: 60 Institutions  Lot 4: 99 Institutions  Lot 5: 47 Institutions  Lot 6: 53 Institutions  Lot 7: 96 Institutions  Lot 8: 98 Institutions",ICT Authority,Request for Proposals,Non Consultancy Services,2026-11-06 10:00:00,2026-09-22,0,0,"12th Floor Boardroom, ICT Authority",0,120,1,Nairobi,info@icta.go.ke,+254202211960,2026/2027,ocds-5whusi-306175-KE-ICTA-570325-NC-RFP,0,https://tenders.go.ke/storage/Documents/1790058060624-tender-document.pdf; https://tenders.go.ke/storage/Documents/1790058060670-tender-notice.pdf,28 days
307681,KeNHA/3009/2026,REQUEST FOR PROPOSALS (RFP)  CONSULTING SERVICES FOR TECHNICAL FEASIBILITY STUDY FOR MAU SUMMIT – ELDORET- MALABA (A8) ROAD FOR IMPLEMENTATION ON A PPP  BASIS,Kenya National Highway Authority,Request for Proposals,Consultancy Services,2026-11-06 11:00:00,2026-09-18,0,0,Barabara Plaza,0,120,1,,r.kilel@kenha.co.ke,+254700423606 / 020 4954000,2025/2026,ocds-5whusi-307681-KeNHA/3009/2026,0,https://tenders.go.ke/storage/Documents/1791361904836-rfp-document.pdf; https://tenders.go.ke/storage/Documents/1791361904877-letter-of-invitation.pdf,28 days
307607,KEN-2000003938-0024-G-NCB,Provision of Group Medical Insurance Cover for Integrated Natural Resources Management Programme (INReMP) Staff,Integrated Natural Resources Management Programme (INReMP),Open Tender,Non Consultancy Services,2026-11-06 11:00:00,2026-10-06,1,1,"First-Floor Boardroom, Agriculture Mechanization Services (AMS) Building,  Eldoret–Ziwa Road Opposite the University of Eldoret- Eldoret, Kenya",0,180,30,Eldoret,inremp@kilimo.go.ke,+254 721 813908,2026/2027,ocds-5whusi-307607-KEN-2000003938-0024-G-NCB,0,https://tenders.go.ke/storage/Documents/1791374820988-provision-of-group-medical-insurance-cover-for-integrated-natural-resources-management.pdf; https://tenders.go.ke/storage/Documents/1791374821033-tender-advert.pdf,28 days
306968,KE–ICTA–571738–CW–RFB,Refurbishment Works for Huduma Centres in Borderland Areas,ICT Authority,Open Tender,Works,2026-11-10 10:00:00,2026-09-29,0,0,"12TH FLOOR BOARDROOM, TELPOSTA TOWERS, ICT AUTHORITY",0,120,1,Nairobi,info@icta.go.ke,+254202211960,2026/2027,ocds-5whusi-306968-KE–ICTA–571738–CW–RFB,0,https://tenders.go.ke/storage/Documents/1790686519495-tender-document.pdf; https://tenders.go.ke/storage/Documents/1790686519540-tender-notice.pdf,32 days
304061,KeRRA/08/039/057/2025-2026,E7314: MAILI SABA - FOREST GATE,Kenya Rural Roads Authority ,Open Tender,Works,2026-11-11 10:00:00,2025-10-24,0,0,Ministry of Roads and Public Works,0,210,1,,kerra@kerra.go.ke,+254 724 735568/ 020-8013846,2025/2026,ocds-5whusi-304061-KeRRA/08/039/057/2025-2026,0,https://tenders.go.ke/storage/Documents/1787561429090-tender-document.pdf; https://tenders.go.ke/storage/Documents/1787561429120-notice.pdf; https://tenders.go.ke/storage/Documents/1787565154063-minutes.pdf; https://tenders.go.ke/storage/Documents/1787567224732-report.pdf; https://tenders.go.ke/storage/Documents/1787567224747-evaluation-lettter.pdf; https://tenders.go.ke/storage/Documents/1787567224758-opinion.pdf; https://tenders.go.ke/storage/Documents/1787567224764-award-letter.pdf; https://tenders.go.ke/storage/Documents/1787645373376-inspection-report.pdf,33 days
303577,KeRRA/08/NKU/039/064/2025/2026,G79376: DCS OFFICE-KELELWET SEC. SCHOOL,Kenya Rural Roads Authority ,Restricted Tendering,Works,2026-11-11 10:00:00,2025-10-24,0,0,"The Regional Director – Nakuru Region, Kenya Rural Roads Authority, Provincial Works Office 2nd Floor, Along Prison Road P.O Box 17791-20100, Nakuru, Kenya..",0,210,1,,kerra@kerra.go.ke,+254 724 735568/ 020-8013846,2025/2026,ocds-5whusi-303577-KeRRA/08/NKU/039/064/2025/2026,0,https://tenders.go.ke/storage/Documents/1786954470019-g79376-dcs-office-kelelwet-sec-school.pdf; https://tenders.go.ke/storage/Documents/1786954470043-g79376-dcs-office-kelelwet-sec-school.pdf; https://tenders.go.ke/storage/Documents/1786955539156-g79376-dcs-office-kelelwet-sec-school.pdf; https://tenders.go.ke/storage/Documents/1786955539210-g79376-dcs-office-kelelwet-sec-school.pdf; https://tenders.go.ke/storage/Documents/1786956047160-g79376-dcs-office-kelelwet-sec-school.pdf,33 days
306895,KE-ICTA-571735-GO-RFB,"Supply, Delivery, Installation and Commissioning of 300 Public Wi-Fi Hotspots in Four (4) Lots: Lot 1: 51 Public Wi-Fi Sites; Lot 2: 90 Public Wi-Fi Sites; Lot 3: 82 Public Wi-Fi Sites and Lot 4: 77 Public Wi-Fi Sites",ICT Authority,Open Tender,Goods,2026-11-12 10:00:00,2026-09-29,0,0,"12TH FLOOR BOARDROOM, ICT AUTHORITY, TELPOSTA TOWERS",0,150,1,Nairobi,info@icta.go.ke,+254202211960,2026/2027,ocds-5whusi-306895-KE-ICTA-571735-GO-RFB,0,https://tenders.go.ke/storage/Documents/1790663115669-tender-document.pdf; https://tenders.go.ke/storage/Documents/1790663115716-tender-notice.pdf,34 days
284183,KeRRA/08/39/BGM /25/26-035,ROUTINE MAINTENANCE & SPOT IMPROVEMENT OF BUNAMBO –NDALU (C627) ROAD,Kenya Rural Roads Authority ,Restricted Tendering,Works,2026-11-19 11:00:00,2025-10-21,0,0,KeRRA BUNGOMA REGIONAL BOARDROOM,0,280,1,,kerra@kerra.go.ke,+254 724 735568/ 020-8013846,2025/2026,ocds-5whusi-284183-KeRRA/08/39/BGM/25/26-035,0,https://tenders.go.ke/storage/Documents/1774347829400-tender-document.pdf; https://tenders.go.ke/storage/Documents/1774347829432-tender-notice.pdf; https://tenders.go.ke/storage/Documents/1774352373865-tender-opening-minutes.pdf; https://tenders.go.ke/storage/Documents/1774352373887-attendance-register.pdf; https://tenders.go.ke/storage/Documents/1774352629660-evaluation-report.pdf,41 days
297603,ADAK/AIR/228/2025-2026,FLIGHT TICKET TO KISUMU FOR CHAIRMAN AND MHCA TO ATTEND HOPS SEMINAR,Anti - Doping Agency of Kenya,Framework Agreements,Non Consultancy Services,2026-12-02 11:00:00,2025-12-02,0,0,N/A,0,0,1,,nemwelarama@gmail.com,+254722269584/ +254733837385,2025/2026,ocds-5whusi-297603-ADAK/AIR/228/2025-2026,0,https://tenders.go.ke/storage/Documents/1782717452334-africa-bliss.pdf,54 days
270867,KSTVET/ TS /07/2026-2027,TENDER FOR PROVISION OF PRINTING SERVICE,Kenya School of TVET,Restricted Tendering,Goods,2026-12-03 10:00:00,2025-11-20,0,0,PROF.GICHAGA HALL,0,548,1,Nairobi,rmaruti@kttc.ac.ke,0707444222,2025/2026,ocds-5whusi-270867-KSTVET/TS/07/2026-2027,0,https://tenders.go.ke/storage/Documents/1763663435919-tender-for-provision-of-printing-service.pdf; https://tenders.go.ke/storage/Documents/1784279647801-tender-opening-minutes.pdf; https://tenders.go.ke/storage/Documents/1784279647830-appointment-letter.pdf; https://tenders.go.ke/storage/Documents/1784547930658-evaluation-report.pdf,55 days
297496,ADAK/GEN/227/2025-2026,RETURN AIR TICKET FOR BOARD MEMBERS,Anti - Doping Agency of Kenya,Framework Agreements,Non Consultancy Services,2026-12-08 11:00:00,2026-12-08,0,0,N/A,0,0,1,,nemwelarama@gmail.com,+254722269584/ +254733837385,2025/2026,ocds-5whusi-297496-ADAK/GEN/227/2025-2026,0,https://tenders.go.ke/storage/Documents/1782481568819-tender.pdf; https://tenders.go.ke/storage/Documents/1782484288852-opening.pdf; https://tenders.go.ke/storage/Documents/1782484399968-evaluation.pdf; https://tenders.go.ke/storage/Documents/1782484430619-additional-doc.pdf; https://tenders.go.ke/storage/Documents/1782484453387-award.pdf; https://tenders.go.ke/storage/Documents/1782484480708-professional-opinion.pdf; https://tenders.go.ke/storage/Documents/1782484520456-appointment.pdf; https://tenders.go.ke/storage/Documents/1782484563516-diligence-report.pdf; https://tenders.go.ke/storage/Documents/1782484592778-negotiation.pdf,60 days
297378,KRA/HQS/NCB-003/2025-2026,FRAMEWORK CONTRACT FOR SUPPLY AND DELIVERY OF DESKTOP COMPUTERS FOR A PERIOD OF TWO (2) YEARS,Kenya Revenue Authority,Open Tender,Non Consultancy Services,2026-12-15 11:00:00,2026-12-02,0,0,21ST FLOOR TIMES TOWERS,0,335,1,,Nicholas.Njeru@kra.go.ke,+254709012366,2025/2026,ocds-5whusi-297378-KRA/HQS/NCB-003/2025-2026,0,https://tenders.go.ke/storage/Documents/1782459944307-tender-document.pdf; https://tenders.go.ke/storage/Documents/1782459944343-tender-notice.pdf; https://tenders.go.ke/storage/Documents/1782459944359-addendum-set-1.pdf; https://tenders.go.ke/storage/Documents/1782459944373-addendum-set-2.pdf; https://tenders.go.ke/storage/Documents/1782461417469-attendance-register.pdf; https://tenders.go.ke/storage/Documents/1782464232954-pof.pdf; https://tenders.go.ke/storage/Documents/1782464366856-evaluation-report.pdf; https://tenders.go.ke/storage/Documents/1782464397034-due-diligence-report.pdf; https://tenders.go.ke/storage/Documents/1782464456227-notification-for-intention-to-award.pdf; https://tenders.go.ke/storage/Documents/1782465226181-opening-minutes.pdf; https://tenders.go.ke/storage/Documents/1782465306965-appointment-letter.pdf,67 days
303648,2057964,proposed renovation of njabini market,Nyandarua County Government,Open Tender,Goods,2026-12-29 11:00:00,2026-12-16,0,0,ardhi house olkalou,0,154,32,,info@nyandaruacounty.or.ke,02026660859,2025/2026,ocds-5whusi-303648-2057964,0,https://tenders.go.ke/storage/Documents/1787033158403-proposed-renovation-of-njabini-market.pdf; https://tenders.go.ke/storage/Documents/1787033383895-proposed-renovation-of-njabini-market.pdf; https://tenders.go.ke/storage/Documents/1787033383914-proposed-renovation-of-njabini-market.pdf; https://tenders.go.ke/storage/Documents/1787033383933-proposed-renovation-of-njabini-market.pdf; https://tenders.go.ke/storage/Documents/1787033512916-proposed-renovation-of-njabini-market.pdf; https://tenders.go.ke/storage/Documents/1787033512940-proposed-renovation-of-njabini-market.pdf; https://tenders.go.ke/storage/Documents/1787033512951-proposed-renovation-of-njabini-market.pdf; https://tenders.go.ke/storage/Documents/1787033512958-proposed-renovation-of-njabini-market.pdf; https://tenders.go.ke/storage/Documents/1787033512975-proposed-renovation-of-njabini-market.pdf; https://tenders.go.ke/storage/Documents/1787033512995-proposed-renovation-of-njabini-market.pdf; https://tenders.go.ke/storage/Documents/1787033821727-proposed-renovation-of-njabini-market.pdf,81 days
280701,NKU/CTY/28/2024-2026,Brixton security services,KENYA INDUSTRIAL TRAINING INSTITUTE,Framework Agreements,Non Consultancy Services,2027-01-04 10:00:00,2025-01-02,0,0,"Deputy Country Commissioner, Nakuru",0,730,35,Nakuru,directorkiti@yahoo.com,+254 774 944615,2024/2025,ocds-5whusi-280701-NKU/CTY/28/2024-2026,0,https://tenders.go.ke/storage/Documents/1772193884760-contract-agreement.pdf,87 days
303673,2095348,proposed construction works of a public toilet at muthaiga tradcing centre,Nyandarua County Government,Open Tender,Works,2027-01-27 11:00:00,2026-01-21,0,0,ardhi house,0,154,32,,info@nyandaruacounty.or.ke,02026660859,2025/2026,ocds-5whusi-303673-2095348,0,https://tenders.go.ke/storage/Documents/1787044706911-proposed-construction-works-of-a-public-toilet-at-muthaiga-tradcing-centre.pdf; https://tenders.go.ke/storage/Documents/1787045075126-proposed-construction-works-of-a-public-toilet-at-muthaiga-tradcing-centre.pdf; https://tenders.go.ke/storage/Documents/1787045075143-proposed-construction-works-of-a-public-toilet-at-muthaiga-tradcing-centre.pdf; https://tenders.go.ke/storage/Documents/1787045075157-proposed-construction-works-of-a-public-toilet-at-muthaiga-tradcing-centre.pdf; https://tenders.go.ke/storage/Documents/1787045363729-proposed-construction-works-of-a-public-toilet-at-muthaiga-tradcing-centre.pdf; https://tenders.go.ke/storage/Documents/1787045363754-proposed-construction-works-of-a-public-toilet-at-muthaiga-tradcing-centre.pdf; https://tenders.go.ke/storage/Documents/1787045363770-proposed-construction-works-of-a-public-toilet-at-muthaiga-tradcing-centre.pdf; https://tenders.go.ke/storage/Documents/1787045363786-proposed-construction-works-of-a-public-toilet-at-muthaiga-tradcing-centre.pdf,110 days
278966,NCC/B&SCA/T/148/2025-2026,BID DOCUMENT FOR PROPOSED COMPLETION WORKS TO CONSTRUCTION OF  NORTHERN BOROUGH OFFICES AND SERVICE CENTRE,Nairobi County Government,Open Tender,Works,2027-02-03 11:00:00,2026-02-16,0,0,"NAIROBI CITY COUNTY  MUINDI MBINGU STREET, MAIN CITY HALL , 4TH  FLOOR ROOM 400 SUPPLY CHAIN MANAGEMENT",0,140,1,,wambugubety7@gmail.com,0722312515,2025/2026,ocds-5whusi-278966-NCC/B&SCA/T/148/2025-2026,0,https://tenders.go.ke/storage/Documents/1771253516971-bid-document-for-proposed-completion-works-to-construction-of-northern-borough-offices-and-service-centre.pdf; https://tenders.go.ke/storage/Documents/1791376566580-bid-document-for-proposed-completion-works-to-construction-of-northern-borough-offices.pdf,117 days
296102,KR-SCM-FRA-001-2024-2025,TENDER KR-SCM-FRA-001-2024-2025 - TENDER DOCUMENT FOR TENDER FOR SUPPLY & DELIVERY OF MGR LOCOMOTIVE SPAREPARTS UNDER FRAMEWORK AGREEMENT FOR THREE YEARS,Kenya Railways ,Framework Agreements,Goods,2027-07-03 00:00:00,2026-06-19,1,1,"KENYA RAILWAYS HEADQUATERS RECEPTION ,BLOCK C.",0,210,1,,jkairianja@krc.co.ke,+254722484158,2025/2026,ocds-5whusi-296102-KR-SCM-FRA-001-2024-2025,0,https://tenders.go.ke/storage/Documents/1781884358798-tender-kr-scm-fra-001-2024-2025-tender-document-for-tender-for-supply-delivery-of-mgr-locomotive-spareparts-under-framework-agreement-for-three-years.pdf,267 days
274469,SPPP/SHA/001/2025-2026,SPECIALLY PERMITTED PROCUREMENT PROCEDURE,Social Health Authority (SHA),Specially Permitted Method,Non Consultancy Services,2027-12-31 12:00:00,2025-12-31,0,0,ONLINE,0,720,1,Nairobi,dchelagat@nhif.or.ke,+254722407476,2025/2026,ocds-5whusi-274469-SPPP/SHA/001/2025-2026,0,https://tenders.go.ke/storage/Documents/1767200391708-provision-of-healthcare-services-outside-kenya-to-social-health-authority-beneficiaries.pdf; https://tenders.go.ke/storage/Documents/1767200391771-advertisementcontracting-notice-expression-of-interest-eoi.pdf,448 days
